,time,dec,de,mode,u,w,q,theta
0,0.0,0.0,0.0,3.0,0.0,0.0,0.0,0.0
1,0.10000000149011612,0.0013031578855589032,0.0007176038925535977,3.0,7.234411168610677e-05,-0.0010053717996925116,-4.361004539532587e-05,-1.4087383988226065e-06
2,0.20000000298023224,0.0026063157711178064,0.0018053451785817742,3.0,0.00038608122849836946,-0.0056456709280610085,-0.0001850346743594855,-1.1903800441359635e-05
3,0.30000001192092896,0.0039094737730920315,0.00302925449796021,3.0,0.0010911559220403433,-0.016364946961402893,-0.0004299715510569513,-4.177445589448325e-05
4,0.4000000059604645,0.005212631542235613,0.004303257912397385,3.0,0.0023184167221188545,-0.03516680747270584,-0.0007665050798095763,-0.00010085452231578529
5,0.5,0.006515789311379194,0.005595690105110407,3.0,0.004179470706731081,-0.06354635953903198,-0.0011768511030822992,-0.00019743683515116572
6,0.6000000238418579,0.007818947546184063,0.006894902791827917,3.0,0.006766869220882654,-0.10249710083007812,-0.001641979324631393,-0.0003379506815690547
7,0.699999988079071,0.009122105315327644,0.00819660909473896,3.0,0.010154727846384048,-0.15254978835582733,-0.0021435401868075132,-0.0005269463872537017
8,0.800000011920929,0.010425263084471226,0.009499232284724712,3.0,0.014399762265384197,-0.21382549405097961,-0.0026647327467799187,-0.0007672120118513703
9,0.8999999761581421,0.011728420853614807,0.010802194476127625,3.0,0.019542664289474487,-0.2860950231552124,-0.003190716030076146,-0.0010599513771012425
10,1.0,0.013031578622758389,0.012105279602110386,3.0,0.025609726086258888,-0.36884012818336487,-0.0037088007666170597,-0.0014049905585125089
11,1.100000023841858,0.01433473639190197,0.013408410362899303,3.0,0.032614633440971375,-0.46131429076194763,-0.004208508878946304,-0.0018009976483881474
12,1.2000000476837158,0.015637895092368126,0.014711558818817139,3.0,0.04056036099791527,-0.5626005530357361,-0.004681543912738562,-0.0022457020822912455
13,1.2999999523162842,0.016941051930189133,0.016014713793992996,3.0,0.049441076815128326,-0.6716655492782593,-0.005121698137372732,-0.002736109308898449
14,1.399999976158142,0.01824421063065529,0.017317870631814003,3.0,0.05924399942159653,-0.7874084711074829,-0.00552471075206995,-0.0032687028869986534
15,1.5,0.019547367468476295,0.01862102746963501,3.0,0.06995117664337158,-0.9087043404579163,-0.005888084881007671,-0.003839629702270031
16,1.600000023841858,0.02085052616894245,0.019924184307456017,3.0,0.08154116570949554,-1.0344412326812744,-0.0062108878046274185,-0.004444867838174105
17,1.7000000476837158,0.022153683006763458,0.021227343007922173,3.0,0.09399046003818512,-1.1635509729385376,-0.006493530701845884,-0.005080369301140308
18,1.7999999523162842,0.023456841707229614,0.02253049984574318,3.0,0.10727488994598389,-1.295034408569336,-0.006737548392266035,-0.005742186680436134
19,1.899999976158142,0.02475999854505062,0.023833658546209335,3.0,0.12137069553136826,-1.4279799461364746,-0.006945373490452766,-0.006426572799682617
20,2.0,0.026063157245516777,0.025136815384030342,3.0,0.13625550270080566,-1.5615769624710083,-0.007120124064385891,-0.007130059413611889
21,2.0999999046325684,0.02027256228029728,0.02270979806780815,3.0,0.15154917538166046,-1.6901335716247559,-0.007046920247375965,-0.007842658087611198
22,2.200000047683716,0.014481968246400356,0.019475480541586876,3.0,0.16646669805049896,-1.800960898399353,-0.006510155275464058,-0.00852429773658514
23,2.299999952316284,0.008691374212503433,0.015984822064638138,3.0,0.1804385483264923,-1.8844083547592163,-0.005546312779188156,-0.009130184538662434
24,2.4000000953674316,0.002900779480114579,0.012494164519011974,3.0,0.19300246238708496,-1.9333510398864746,-0.004241153597831726,-0.009621917270123959
25,2.5,-0.002889815019443631,0.009003506042063236,3.0,0.20377053320407867,-1.9428056478500366,-0.0026770990807563066,-0.009969521313905716
26,2.5999999046325684,-0.008680409751832485,0.005512847099453211,3.0,0.21242813766002655,-1.9097411632537842,-0.0009313105256296694,-0.010151015594601631
27,2.700000047683716,-0.014471003785729408,0.0020221888553351164,3.0,0.21873094141483307,-1.8328627347946167,0.0009257718920707703,-0.010151810944080353
28,2.799999952316284,-0.020261598750948906,-0.0014684697380289435,3.0,0.22250017523765564,-1.7123767137527466,0.0028314637020230293,-0.009963980875909328
29,2.9000000953674316,-0.026052193716168404,-0.0049591283313930035,3.0,0.2236167937517166,-1.5497488975524902,0.004731477703899145,-0.009585448540747166
30,3.0,-0.03184278681874275,-0.008449786342680454,3.0,0.22201476991176605,-1.3474630117416382,0.00658021355047822,-0.009019135497510433
31,3.0999999046325684,-0.03763338178396225,-0.011940444819629192,3.0,0.21767382323741913,-1.1087868213653564,0.008340747095644474,-0.008272086270153522
32,3.200000047683716,-0.04342397674918175,-0.01543110329657793,3.0,0.2106119990348816,-0.8375527262687683,0.00998456310480833,-0.007354616653174162
33,3.299999952316284,-0.049214571714401245,-0.018921762704849243,3.0,0.2008782923221588,-0.5379542708396912,0.011491077020764351,-0.006279489491134882
34,3.4000000953674316,-0.05500516667962074,-0.02241242118179798,3.0,0.18854542076587677,-0.21436533331871033,0.012847000733017921,-0.00506115797907114
35,3.5,-0.06079575791954994,-0.02590307965874672,3.0,0.17370308935642242,0.1288178414106369,0.014045591466128826,-0.00371506973169744
36,3.5999999046325684,-0.06658635288476944,-0.029393738135695457,3.0,0.15645186603069305,0.48731085658073425,0.01508582103997469,-0.0022570535074919462
37,3.700000047683716,-0.07237695157527924,-0.032884396612644196,3.0,0.13689760863780975,0.8570506572723389,0.015971511602401733,-0.0007027912070043385
38,3.799999952316284,-0.07816754281520844,-0.036375053226947784,3.0,0.11514666676521301,1.2342814207077026,0.016710452735424042,0.0009326235158368945
39,3.9000000953674316,-0.08395813405513763,-0.03986571356654167,3.0,0.0913017988204956,1.6156177520751953,0.017313554883003235,0.002635038923472166
40,4.0,-0.08974873274564743,-0.04335637018084526,3.0,0.06545887887477875,1.998086929321289,0.017794031649827957,0.004391515627503395
41,4.099999904632568,-0.08082714676856995,-0.04684703052043915,3.0,0.037704285234212875,2.379152536392212,0.018166642636060715,0.006190518848598003
42,4.199999809265137,-0.07190556079149246,-0.05033768713474274,3.0,0.008113009855151176,2.756720542907715,0.018447019159793854,0.008022039197385311
43,4.300000190734863,-0.06298396736383438,-0.053828347474336624,3.0,-0.02325260266661644,3.1291327476501465,0.018651055172085762,0.009877647273242474
44,4.400000095367432,-0.054062385112047195,-0.054270919412374496,3.0,-0.05606476217508316,3.4912896156311035,0.018623987212777138,0.011745293624699116
45,4.5,-0.04514079540967941,-0.05144059285521507,3.0,-0.08938430994749069,3.8286190032958984,0.018031490966677666,0.013584064319729805
46,4.599999904632568,-0.03621920943260193,-0.047949932515621185,3.0,-0.12220698595046997,4.124741554260254,0.01677018217742443,0.015329030342400074
47,4.699999809265137,-0.027297621592879295,-0.044459275901317596,3.0,-0.15382683277130127,4.368412017822266,0.014972544275224209,0.016919957473874092
48,4.800000190734863,-0.01837603561580181,-0.04096861556172371,3.0,-0.18365253508090973,4.551709175109863,0.012766158208251,0.01830965094268322
49,4.900000095367432,-0.009454447776079178,-0.03747795894742012,3.0,-0.21120592951774597,4.669744491577148,0.010270697064697742,0.019463295117020607
50,5.0,-0.0005328607512637973,-0.03398729860782623,3.0,-0.23611760139465332,4.720333576202393,0.00759561313316226,0.020357545465230942
51,5.099999904632568,0.00838872604072094,-0.030496640130877495,3.0,-0.2581197917461395,4.703634262084961,0.004838498309254646,0.02097942680120468
52,5.199999809265137,0.017310313880443573,-0.027005981653928757,3.0,-0.2770375609397888,4.621773719787598,0.0020840526558458805,0.02132507972419262
53,5.300000190734863,0.026231899857521057,-0.02351532317698002,3.0,-0.2927783727645874,4.478477954864502,-0.0005964038427919149,0.021398449316620827
54,5.400000095367432,0.03515348955988884,-0.02002466470003128,3.0,-0.3053211271762848,4.278707504272461,-0.00314494501799345,0.021209942176938057
55,5.5,0.044075075536966324,-0.016534006223082542,3.0,-0.314704567193985,4.028317451477051,-0.0055166506208479404,0.020775100216269493
56,5.599999904632568,0.05299666151404381,-0.013043347746133804,3.0,-0.3210159242153168,3.7337441444396973,-0.0076788985170423985,0.02011333592236042
57,5.699999809265137,0.06191824749112129,-0.009552689269185066,3.0,-0.3243797719478607,3.4017202854156494,-0.00961039774119854,0.019246753305196762
58,5.800000190734863,0.07083983719348907,-0.006062031257897615,3.0,-0.3249475955963135,3.039029836654663,-0.011300036683678627,0.01819906197488308
59,5.900000095367432,0.07976142317056656,-0.0025713725481182337,3.0,-0.32288822531700134,2.6523001194000244,-0.012745621614158154,0.016994621604681015
60,6.0,0.08868300914764404,0.0009192859870381653,3.0,-0.3183791935443878,2.2478270530700684,-0.013952530920505524,0.01565762795507908
61,6.099999904632568,0.07987555861473083,0.004409944638609886,3.0,-0.3115992546081543,1.8314424753189087,-0.01493237167596817,0.01421141717582941
62,6.199999809265137,0.07106810808181763,0.007900603115558624,3.0,-0.3027220070362091,1.4084128141403198,-0.01570165529847145,0.012677905149757862
63,6.300000190734863,0.06226065382361412,0.011391261592507362,3.0,-0.2919106185436249,0.9833720326423645,-0.016280531883239746,0.01107716653496027
64,6.400000095367432,0.053453199565410614,0.0148819200694561,3.0,-0.2793138921260834,0.5602834224700928,-0.016691625118255615,0.009427124634385109
65,6.5,0.044645749032497406,0.01837257854640484,3.0,-0.26506322622299194,0.14242731034755707,-0.016958972439169884,0.007743363734334707
66,6.599999904632568,0.0358382984995842,0.021863237023353577,3.0,-0.2492704838514328,-0.26758894324302673,-0.01710708998143673,0.006039034109562635
67,6.699999809265137,0.02703084424138069,0.024961067363619804,3.0,-0.232045516371727,-0.6675570607185364,-0.017147472128272057,0.004325054120272398
68,6.800000190734863,0.018223391845822334,0.02254372276365757,3.0,-0.21408797800540924,-1.047247052192688,-0.01674390584230423,0.0026238621212542057
69,6.900000095367432,0.009415939450263977,0.019053064286708832,3.0,-0.19663697481155396,-1.3870272636413574,-0.015600045211613178,0.0010012190323323011
70,7.0,0.0006084874621592462,0.015562404878437519,3.0,-0.1804640144109726,-1.6741282939910889,-0.0138562535867095,-0.0004758838622365147
71,7.099999904632568,-0.008198964409530163,0.012071746401488781,3.0,-0.16621999442577362,-1.8993486166000366,-0.011648650281131268,-0.0017543098656460643
72,7.199999809265137,-0.017006417736411095,0.008581087924540043,3.0,-0.15443582832813263,-2.0567667484283447,-0.009105738252401352,-0.0027941784355789423
73,7.300000190734863,-0.025813870131969452,0.005090429447591305,3.0,-0.14552634954452515,-2.143401622772217,-0.006345787085592747,-0.0035679666325449944
74,7.400000095367432,-0.03462132066488266,0.0015997709706425667,3.0,-0.13979710638523102,-2.1588377952575684,-0.003474933560937643,-0.004059384111315012
75,7.5,-0.043428774923086166,-0.0018908875063061714,3.0,-0.1374533474445343,-2.1048367023468018,-0.0005859378143213689,-0.004262094385921955
76,7.599999904632568,-0.052236225455999374,-0.0053815459832549095,3.0,-0.1386105865240097,-1.9849408864974976,0.0022424673661589622,-0.004178336821496487
77,7.699999809265137,-0.06104367971420288,-0.008872204460203648,3.0,-0.14330607652664185,-1.8040895462036133,0.0049457065761089325,-0.0038175175432115793
78,7.800000190734863,-0.06985113024711609,-0.012362862937152386,3.0,-0.15151092410087585,-1.5682518482208252,0.0074730548076331615,-0.003194803139194846
79,7.900000095367432,-0.0786585807800293,-0.0158535223454237,3.0,-0.1631421148777008,-1.2840884923934937,0.009786964394152164,-0.0023297653533518314
80,8.0,-0.0874660387635231,-0.019344180822372437,3.0,-0.178074449300766,-0.9586454629898071,0.01186211034655571,-0.001245111576281488
81,8.100000381469727,-0.09120355546474457,-0.022834839299321175,3.0,-0.19615158438682556,-0.5990840792655945,0.013684216886758804,3.448105417191982e-05
82,8.199999809265137,-0.09494107216596603,-0.026325497776269913,3.0,-0.21719655394554138,-0.21245044469833374,0.015248752199113369,0.001483406638726592
83,8.300000190734863,-0.0986785888671875,-0.02981615625321865,3.0,-0.2410210222005844,0.19451569020748138,0.016559524461627007,0.0030760345980525017
84,8.399999618530273,-0.10241610556840897,-0.03330681473016739,3.0,-0.26743343472480774,0.615532636642456,0.017627261579036713,0.004787473473697901
85,8.5,-0.10615362972021103,-0.03679747134447098,3.0,-0.29624632000923157,1.044891357421875,0.018468201160430908,0.006594191771000624
86,8.600000381469727,-0.1098911464214325,-0.040288131684064865,3.0,-0.3272815942764282,1.4775344133377075,0.01910274848341942,0.008474500849843025
87,8.699999809265137,-0.11362866312265396,-0.043778788298368454,3.0,-0.36037564277648926,1.909104824066162,0.019554218277335167,0.010408907197415829
88,8.800000190734863,-0.11736617982387543,-0.04726944863796234,3.0,-0.3953824043273926,2.335963726043701,0.019847670570015907,0.012380345724523067
89,8.899999618530273,-0.12110370397567749,-0.05076010525226593,3.0,-0.43217599391937256,2.755187511444092,0.020008912310004234,0.014374304562807083
90,9.0,-0.12484122067689896,-0.05425076559185982,3.0,-0.4706519544124603,3.1645405292510986,0.020063601434230804,0.016378847882151604
91,9.100000381469727,-0.12857873737812042,-0.057741422206163406,3.0,-0.5107278227806091,3.562434434890747,0.02003650553524494,0.018384572118520737
92,9.199999809265137,-0.13231626152992249,-0.061232082545757294,3.0,-0.5523428916931152,3.9478724002838135,0.019950920715928078,0.020384473726153374
93,9.300000190734863,-0.13605377078056335,-0.06472273916006088,3.0,-0.5954576730728149,4.320387840270996,0.019828204065561295,0.02237379178404808
94,9.399999618530273,-0.13979129493236542,-0.06821339577436447,3.0,-0.6400520205497742,4.679972171783447,0.019687436521053314,0.02434978447854519
95,9.5,-0.1435288041830063,-0.07170405983924866,3.0,-0.6861240863800049,5.027006149291992,0.01954522728919983,0.02631150186061859
96,9.600000381469727,-0.14726632833480835,-0.07519471645355225,3.0,-0.7336878180503845,5.362185955047607,0.0194156002253294,0.0282595232129097
97,9.699999809265137,-0.1510038524866104,-0.07868537306785583,3.0,-0.782771110534668,5.686452388763428,0.019309990108013153,0.030195696279406548
98,9.800000190734863,-0.15474136173725128,-0.08217602968215942,3.0,-0.8334135413169861,6.000925064086914,0.019237300381064415,0.0321228913962841
99,9.899999618530273,-0.15847888588905334,-0.08566669374704361,3.0,-0.8856641054153442,6.30684232711792,0.019204048439860344,0.034044742584228516
100,10.0,-0.1622164100408554,-0.0891573503613472,3.0,-0.9395790100097656,6.605504512786865,0.019214538857340813,0.03596542403101921
101,10.100000381469727,-0.15052913129329681,-0.09264800697565079,3.0,-0.9952198266983032,6.898226261138916,0.019271081313490868,0.037889450788497925
102,10.199999809265137,-0.13884186744689941,-0.09613866358995438,3.0,-1.0526515245437622,7.1862945556640625,0.019374243915081024,0.03982146456837654
103,10.300000190734863,-0.12715460360050201,-0.09962932765483856,3.0,-1.111940622329712,7.470935821533203,0.019523102790117264,0.04176609590649605
104,10.399999618530273,-0.11546732485294342,-0.10311998426914215,3.0,-1.1731538772583008,7.753288269042969,0.019715508446097374,0.0437278151512146
105,10.5,-0.10378006100654602,-0.10379716008901596,3.0,-1.2361021041870117,8.030854225158691,0.019792182371020317,0.04570607468485832
106,10.600000381469727,-0.09209278970956802,-0.10100153088569641,3.0,-1.2999681234359741,8.291234970092773,0.019398190081119537,0.04767102003097534
107,10.699999809265137,-0.08040551841259003,-0.09751087427139282,3.0,-1.363813042640686,8.51907730102539,0.018394704908132553,0.04956512525677681
108,10.800000190734863,-0.06871825456619263,-0.09402021765708923,3.0,-1.4269939661026,8.70385456085205,0.016896938905119896,0.051333218812942505
109,10.899999618530273,-0.05703098326921463,-0.09052956104278564,3.0,-1.488966941833496,8.837969779968262,0.015016680583357811,0.05293150246143341
110,11.0,-0.04534371197223663,-0.08703889697790146,3.0,-1.5492866039276123,8.916523933410645,0.012859499081969261,0.054327063262462616
111,11.100000381469727,-0.033656444400548935,-0.08354824036359787,3.0,-1.6076029539108276,8.937032699584961,0.010522599332034588,0.055497150868177414
112,11.199999809265137,-0.021969174966216087,-0.08005758374929428,3.0,-1.6636557579040527,8.899125099182129,0.00809324812144041,0.05642824247479439
113,11.300000190734863,-0.010281906463205814,-0.07656692713499069,3.0,-1.7172671556472778,8.804218292236328,0.005647747777402401,0.05711500346660614
114,11.399999618530273,0.0014053626218810678,-0.0730762630701065,3.0,-1.7683329582214355,8.655200004577637,0.0032508959993720055,0.05755915492773056
115,11.5,0.013092631474137306,-0.06958560645580292,3.0,-1.816813588142395,8.456107139587402,0.0009558701422065496,0.0577683188021183
116,11.600000381469727,0.024779900908470154,-0.06609494984149933,3.0,-1.8627240657806396,8.211825370788574,-0.0011955243535339832,0.05775485932826996
117,11.699999809265137,0.03646716848015785,-0.06260429322719574,3.0,-1.906123399734497,7.92781400680542,-0.0031723068095743656,0.057534776628017426
118,11.800000190734863,0.04815443977713585,-0.05911363288760185,3.0,-1.947105884552002,7.609851360321045,-0.004953538998961449,0.05712665244936943
119,11.899999618530273,0.05984170734882355,-0.055622972548007965,3.0,-1.9857912063598633,7.263813495635986,-0.0065273684449493885,0.05655071511864662
120,12.0,0.07152897864580154,-0.052132315933704376,3.0,-2.0223164558410645,6.89548397064209,-0.007889954373240471,0.05582796037197113
121,12.100000381469727,0.06189886853098869,-0.04864165559411049,3.0,-2.056828022003174,6.510399341583252,-0.009044318459928036,0.05497940629720688
122,12.199999809265137,0.05226876214146614,-0.0451509989798069,3.0,-2.089474678039551,6.113720893859863,-0.00999918021261692,0.05402548238635063
123,12.300000190734863,0.04263865575194359,-0.04166033864021301,3.0,-2.1204028129577637,5.710141181945801,-0.01076780166476965,0.05298551172018051
124,12.399999618530273,0.033008549362421036,-0.038169682025909424,3.0,-2.149749994277954,5.303818702697754,-0.011366878636181355,0.051877304911613464
125,12.5,0.023378442972898483,-0.034679021686315536,3.0,-2.1776435375213623,4.8983378410339355,-0.011815507896244526,0.05071688070893288
126,12.600000381469727,0.013748335652053356,-0.0311883632093668,3.0,-2.2041945457458496,4.496693134307861,-0.01213423814624548,0.04951826110482216
127,12.699999809265137,0.004118228796869516,-0.02769770473241806,3.0,-2.229499101638794,4.101292610168457,-0.0123442392796278,0.04829338565468788
128,12.800000190734863,-0.005511878058314323,-0.024207046255469322,3.0,-2.2536351680755615,3.713980197906494,-0.012466568499803543,0.04705206677317619
129,12.899999618530273,-0.01514198537915945,-0.020716387778520584,3.0,-2.2766623497009277,3.336066961288452,-0.012521571479737759,0.0458020456135273
130,13.0,-0.024772092700004578,-0.022521430626511574,3.0,-2.299116373062134,2.9752132892608643,-0.012227221392095089,0.044558364897966385
131,13.100000381469727,-0.03440219908952713,-0.025721928104758263,3.0,-2.3221702575683594,2.6497983932495117,-0.011252140626311302,0.043378911912441254
132,13.199999809265137,-0.04403230547904968,-0.029212586581707,3.0,-2.346635580062866,2.373187780380249,-0.009670310653746128,0.042328428477048874
133,13.300000190734863,-0.053662411868572235,-0.03270324319601059,3.0,-2.3731634616851807,2.1549429893493652,-0.007614474277943373,0.04146091639995575
134,13.399999618530273,-0.06329251825809479,-0.03619390353560448,3.0,-2.402289867401123,2.0013928413391113,-0.005210589151829481,0.04081740230321884
135,13.5,-0.07292262464761734,-0.039684560149908066,3.0,-2.434436798095703,1.915955662727356,-0.0025751644279807806,0.04042677953839302
136,13.600000381469727,-0.08255273103713989,-0.04317522048950195,3.0,-2.469918966293335,1.8994933366775513,0.00018671684665605426,0.04030684009194374
137,13.699999809265137,-0.09218283742666245,-0.04666587710380554,3.0,-2.5089523792266846,1.950688362121582,0.0029827174730598927,0.04046550765633583
138,13.800000190734863,-0.101812943816185,-0.05015653744339943,3.0,-2.551664352416992,2.066425323486328,0.005733984522521496,0.04090214520692825
139,13.899999618530273,-0.11144305020570755,-0.05364719405770302,3.0,-2.5981040000915527,2.2421658039093018,0.00837536808103323,0.04160889610648155
140,14.0,-0.1210731640458107,-0.057137854397296906,3.0,-2.648254156112671,2.472306728363037,0.010855202563107014,0.042572084814310074
141,14.100000381469727,-0.11124498397111893,-0.060628511011600494,3.0,-2.702043294906616,2.7505135536193848,0.013134719803929329,0.04377351701259613
142,14.199999809265137,-0.10141681134700775,-0.06411916762590408,3.0,-2.7593562602996826,3.070023536682129,0.015187174081802368,0.04519171640276909
143,14.300000190734863,-0.09158863127231598,-0.06760983169078827,3.0,-2.8200461864471436,3.4239137172698975,0.01699674502015114,0.04680310934782028
144,14.399999618530273,-0.0817604586482048,-0.07110048830509186,3.0,-2.883944272994995,3.8053317070007324,0.018557289615273476,0.048583026975393295
145,14.5,-0.07193228602409363,-0.07187222689390182,3.0,-2.9506235122680664,4.204291343688965,0.019720597192645073,0.050502050668001175
146,14.600000381469727,-0.062104109674692154,-0.0690905824303627,3.0,-3.0190258026123047,4.601476669311523,0.020144030451774597,0.052502941340208054
147,14.699999809265137,-0.05227593332529068,-0.06559992581605911,3.0,-3.087961196899414,4.97501277923584,0.01970095932483673,0.05450170114636421
148,14.800000190734863,-0.042447756975889206,-0.062109269201755524,3.0,-3.1565520763397217,5.308655261993408,0.018530314788222313,0.056418612599372864
149,14.899999618530273,-0.03261958435177803,-0.058618608862161636,3.0,-3.2240371704101562,5.589893341064453,0.01677078753709793,0.05818786844611168
150,15.0,-0.022791408002376556,-0.05512795224785805,3.0,-3.289774179458618,5.8097357749938965,0.014556755311787128,0.059757355600595474
151,15.100000381469727,-0.012963232584297657,-0.05163729190826416,3.0,-3.3532402515411377,5.9624247550964355,0.012014979496598244,0.06108803674578667
152,15.199999809265137,-0.0031350578647106886,-0.04814663529396057,3.0,-3.4140257835388184,6.0450968742370605,0.009262031875550747,0.06215305253863335
153,15.300000190734863,0.006693117320537567,-0.044655974954366684,3.0,-3.471829414367676,6.057415008544922,0.006402443628758192,0.06293662637472153
154,15.399999618530273,0.016521291807293892,-0.041165318340063095,3.0,-3.526449203491211,6.001180648803711,0.0035274941474199295,0.06343277543783188
155,15.5,0.026349468156695366,-0.03767465800046921,3.0,-3.5777711868286133,5.879945278167725,0.0007145821582525969,0.06364394724369049
156,15.600000381469727,0.03617764264345169,-0.03418400138616562,3.0,-3.625758171081543,5.698627948760986,-0.0019728858023881912,0.06357961893081665
157,15.699999809265137,0.046005818992853165,-0.03069334104657173,3.0,-3.670438766479492,5.463156700134277,-0.004485179204493761,0.0632549598813057
158,15.800000190734863,0.05583399534225464,-0.027202682569622993,3.0,-3.7118937969207764,5.180130958557129,-0.006785569712519646,0.0626894012093544
159,15.899999618530273,0.06566216796636581,-0.023712024092674255,3.0,-3.7502458095550537,4.85652494430542,-0.008849378675222397,0.061905473470687866
160,16.0,0.07549034059047699,-0.020221365615725517,3.0,-3.785647392272949,4.499417781829834,-0.010662812739610672,0.0609276108443737
161,16.100000381469727,0.07386919856071472,-0.01673070713877678,3.0,-3.8182718753814697,4.1157684326171875,-0.012221668846905231,0.05978113412857056
162,16.200000762939453,0.07224805653095245,-0.013240049593150616,3.0,-3.8483035564422607,3.7122273445129395,-0.013529944233596325,0.05849136412143707
163,16.299999237060547,0.07062691450119019,-0.009749391116201878,3.0,-3.875929355621338,3.2949881553649902,-0.01459843572229147,0.05708286911249161
164,16.399999618530273,0.06900577247142792,-0.006258732173591852,3.0,-3.901331901550293,2.869676113128662,-0.015443343669176102,0.05557886138558388
165,16.5,0.06738463044166565,-0.002768073696643114,3.0,-3.924684524536133,2.441269874572754,-0.016084950417280197,0.05400070920586586
166,16.600000381469727,0.06576348096132278,0.0007225848385132849,3.0,-3.9461464881896973,2.014054298400879,-0.01654636859893799,0.05236760526895523
167,16.700000762939453,0.06414233893156052,0.004213243257254362,3.0,-3.9658589363098145,1.5916043519973755,-0.01685241237282753,0.050696343183517456
168,16.799999237060547,0.06252119690179825,0.0077039017342031,3.0,-3.9839437007904053,1.1767890453338623,-0.017028603702783585,0.04900117963552475
169,16.899999618530273,0.06090005114674568,0.011194560676813126,3.0,-4.000500202178955,0.7717974185943604,-0.01710028387606144,0.04729383811354637
170,17.0,0.059278909116983414,0.014685219153761864,3.0,-4.015607833862305,0.37818101048469543,-0.017091907560825348,0.04558352753520012
171,17.100000381469727,0.057657767087221146,0.018175877630710602,3.0,-4.029322624206543,-0.003092743456363678,-0.017026448622345924,0.04387708380818367
172,17.200000762939453,0.05603662133216858,0.02166653610765934,3.0,-4.04168176651001,-0.37157726287841797,-0.01692495122551918,0.0421791635453701
173,17.299999237060547,0.05441547930240631,0.025157194584608078,3.0,-4.052701473236084,-0.7272781729698181,-0.016806209459900856,0.04049240052700043
174,17.399999618530273,0.052794333547353745,0.028647853061556816,3.0,-4.062380790710449,-1.0705822706222534,-0.016686562448740005,0.03881768137216568
175,17.5,0.051173191517591476,0.032138511538505554,3.0,-4.070703506469727,-1.4021862745285034,-0.01657978817820549,0.037154391407966614
176,17.600000381469727,0.04955204948782921,0.03562916815280914,3.0,-4.077638626098633,-1.7230268716812134,-0.016497116535902023,0.0355006568133831
177,17.700000762939453,0.04793090373277664,0.03911982849240303,3.0,-4.083145618438721,-2.0342164039611816,-0.016447270289063454,0.03385360538959503
178,17.799999237060547,0.046309761703014374,0.04261048510670662,3.0,-4.087172508239746,-2.3369810581207275,-0.0164366215467453,0.0322096161544323
179,17.899999618530273,0.044688619673252106,0.04405614733695984,3.0,-4.089841842651367,-2.6301121711730957,-0.016358619555830956,0.030567890033125877
180,18.0,0.04306747391819954,0.04356323182582855,3.0,-4.091699123382568,-2.905667781829834,-0.015979759395122528,0.028947902843356133
181,18.100000381469727,0.037391334772109985,0.040680840611457825,3.0,-4.093424320220947,-3.1531386375427246,-0.015154034830629826,0.02738635614514351
182,18.200000762939453,0.03171519562602043,0.03729203715920448,3.0,-4.0958452224731445,-3.359736919403076,-0.013799194246530533,0.02593480423092842
183,18.299999237060547,0.02603905461728573,0.033801376819610596,3.0,-4.099555015563965,-3.516732931137085,-0.012018192559480667,0.024640990421175957
184,18.399999618530273,0.020362913608551025,0.030310720205307007,3.0,-4.105035781860352,-3.6182782649993896,-0.009921126998960972,0.02354196459054947
185,18.5,0.014686774462461472,0.02682006172835827,3.0,-4.112672328948975,-3.661087989807129,-0.007610174361616373,0.022664155811071396
186,18.600000381469727,0.009010634385049343,0.02332940325140953,3.0,-4.122756004333496,-3.6441338062286377,-0.005177811719477177,0.022024238482117653
187,18.700000762939453,0.003334494074806571,0.019838744774460793,3.0,-4.135490417480469,-3.568321704864502,-0.002705593593418598,0.02163018099963665
188,18.799999237060547,-0.0023416460026055574,0.016348086297512054,3.0,-4.151001930236816,-3.43615984916687,-0.00026345084188506007,0.021482374519109726
189,18.899999618530273,-0.008017785847187042,0.012857427820563316,3.0,-4.169347763061523,-3.251432180404663,0.002090560272336006,0.021574808284640312
190,19.0,-0.01369392592459917,0.009366769343614578,3.0,-4.190525531768799,-3.0188870429992676,0.0043101124465465546,0.02189626172184944
191,19.100000381469727,-0.0193700660020113,0.005876110401004553,3.0,-4.214485168457031,-2.743942975997925,0.006360139697790146,0.02243144065141678
192,19.200000762939453,-0.025046207010746002,0.0023854519240558147,3.0,-4.2411370277404785,-2.432424306869507,0.00821610912680626,0.023162079975008965
193,19.299999237060547,-0.030722346156835556,-0.0011052065528929234,3.0,-4.2703633308410645,-2.090322732925415,0.009863089770078659,0.02406795509159565
194,19.399999618530273,-0.03639848530292511,-0.0045958650298416615,3.0,-4.302024841308594,-1.7235949039459229,0.011294691823422909,0.025127781555056572
195,19.5,-0.04207462817430496,-0.008086523972451687,3.0,-4.335971832275391,-1.337990164756775,0.012511911801993847,0.026320012286305428
196,19.600000381469727,-0.047750767320394516,-0.011577182449400425,3.0,-4.372048854827881,-0.9389125108718872,0.013521937653422356,0.027623523026704788
197,19.700000762939453,-0.05342690646648407,-0.015067840926349163,3.0,-4.410101413726807,-0.5313148498535156,0.014336970634758472,0.029018167406320572
198,19.799999237060547,-0.059103045612573624,-0.018558498471975327,3.0,-4.449982643127441,-0.11962270736694336,0.014973070472478867,0.03048522211611271
199,19.899999618530273,-0.06477918475866318,-0.022049156948924065,3.0,-4.4915571212768555,0.29231446981430054,0.015449070371687412,0.032007716596126556
200,20.0,-0.07045532763004303,-0.025539815425872803,3.0,-4.534701347351074,0.7012466192245483,0.015785586088895798,0.033570654690265656
201,20.100000381469727,-0.07004986703395844,-0.02903047390282154,3.0,-4.579308986663818,1.1045258045196533,0.016004126518964767,0.03516116738319397
202,20.200000762939453,-0.06964440643787384,-0.03252113237977028,3.0,-4.625291347503662,1.5000901222229004,0.016126304864883423,0.036768537014722824
203,20.299999237060547,-0.06923895329236984,-0.036011792719364166,3.0,-4.67257833480835,1.886432409286499,0.016173189505934715,0.03838419169187546
204,20.399999618530273,-0.06883349269628525,-0.039502449333667755,3.0,-4.721118450164795,2.2625584602355957,0.016164757311344147,0.040001604706048965
205,20.5,-0.06842803210020065,-0.04299310967326164,3.0,-4.770875930786133,2.6279356479644775,0.01611948572099209,0.041616182774305344
206,20.600000381469727,-0.06802257895469666,-0.04648376628756523,3.0,-4.821835994720459,2.982436180114746,0.016054023057222366,0.04322509467601776
207,20.700000762939453,-0.06761711835861206,-0.04997442662715912,3.0,-4.873995304107666,3.326277732849121,0.015982989221811295,0.04482707381248474
208,20.799999237060547,-0.06721165776252747,-0.05346508324146271,3.0,-4.927366733551025,3.6599619388580322,0.01591886207461357,0.04642219468951225
209,20.899999618530273,-0.06680619716644287,-0.056955743581056595,3.0,-4.981975078582764,3.9842162132263184,0.015871938318014145,0.04801169037818909
210,21.0,-0.06640074402093887,-0.060446400195360184,3.0,-5.037855625152588,4.299935340881348,0.015850378200411797,0.04959770292043686
211,21.100000381469727,-0.06599528342485428,-0.06367965787649155,3.0,-5.095041275024414,4.6079888343811035,0.015852810814976692,0.051182981580495834
212,21.200000762939453,-0.06558982282876968,-0.06492012739181519,3.0,-5.153314590454102,4.9056572914123535,0.015736926347017288,0.05276437848806381
213,21.299999237060547,-0.06518436968326569,-0.06512018293142319,3.0,-5.2122416496276855,5.186354160308838,0.015365627594292164,0.05432182922959328
214,21.399999618530273,-0.06477890908718109,-0.06493747979402542,3.0,-5.271437168121338,5.444000720977783,0.014727811329066753,0.055828630924224854
215,21.5,-0.0643734484910965,-0.06461397558450699,3.0,-5.330577373504639,5.673811912536621,0.0138603700324893,0.05725976452231407
216,21.600000381469727,-0.0639679878950119,-0.06423866003751755,3.0,-5.389395713806152,5.872452735900879,0.012815318070352077,0.05859481543302536
217,21.700000762939453,-0.0635625347495079,-0.06384429335594177,3.0,-5.4476799964904785,6.037991523742676,0.011646958068013191,0.05981874838471413
218,21.799999237060547,-0.06315707415342331,-0.06344291567802429,3.0,-5.505273342132568,6.169763088226318,0.010406621731817722,0.060921844094991684
219,21.899999618530273,-0.06275161355733871,-0.06303896009922028,3.0,-5.562068462371826,6.268205165863037,0.009140416979789734,0.061899252235889435
220,22.0,-0.06234615668654442,-0.06263405084609985,3.0,-5.6180009841918945,6.334671974182129,0.00788822676986456,0.0627504363656044
221,22.100000381469727,-0.05094991624355316,-0.05978934094309807,3.0,-5.672830104827881,6.36824893951416,0.0065499236807227135,0.06347449868917465
222,22.200000762939453,-0.039553675800561905,-0.05629868060350418,3.0,-5.726010322570801,6.362924098968506,0.00497461948543787,0.06405225396156311
223,22.299999237060547,-0.028157435357570648,-0.05280802398920059,3.0,-5.777245998382568,6.316080093383789,0.0032359787728637457,0.06446371972560883
224,22.399999618530273,-0.01676119491457939,-0.049317363649606705,3.0,-5.826309680938721,6.226739883422852,0.0014009475708007812,0.06469597667455673
225,22.5,-0.0053649540059268475,-0.045826707035303116,3.0,-5.873036861419678,6.095339298248291,-0.0004711789370048791,0.06474241614341736
226,22.600000381469727,0.0060312869027256966,-0.04233604669570923,3.0,-5.917318820953369,5.923492431640625,-0.0023293138947337866,0.06460195034742355
227,22.700000762939453,0.01742752641439438,-0.03884539008140564,3.0,-5.959097385406494,5.713757038116455,-0.004130803048610687,0.06427818536758423
228,22.799999237060547,0.028823768720030785,-0.03535472974181175,3.0,-5.998358249664307,5.469412803649902,-0.005841366481035948,0.06377857178449631
229,22.899999618530273,0.04022000730037689,-0.03186407312750816,3.0,-6.035120487213135,5.194247722625732,-0.007434799335896969,0.06311356276273727
230,23.0,0.05161624774336815,-0.028373412787914276,3.0,-6.069434642791748,4.892366409301758,-0.008892479352653027,0.06229587271809578
231,23.100000381469727,0.0630124881863594,-0.024882754310965538,3.0,-6.101372241973877,4.568021297454834,-0.01020272821187973,0.061339713633060455
232,23.200000762939453,0.07440873235464096,-0.0213920958340168,3.0,-6.131019115447998,4.225459098815918,-0.011360067874193192,0.06026015803217888
233,23.299999237060547,0.08580496907234192,-0.017901437357068062,3.0,-6.15847110748291,3.86879825592041,-0.012364407069981098,0.05907253921031952
234,23.399999618530273,0.09720121324062347,-0.014410778880119324,3.0,-6.183828830718994,3.5019266605377197,-0.013220197521150112,0.05779196694493294
235,23.5,0.10859744995832443,-0.010920120403170586,3.0,-6.207192420959473,3.1284215450286865,-0.013935588300228119,0.05643291398882866
236,23.600000381469727,0.11999369412660599,-0.007429462391883135,3.0,-6.2286577224731445,2.751492500305176,-0.014521601609885693,0.055008891969919205
237,23.700000762939453,0.13138993084430695,-0.003938803914934397,3.0,-6.2483134269714355,2.3739447593688965,-0.014991355128586292,0.0535321980714798
238,23.799999237060547,0.1427861750125885,-0.00044814517605118454,3.0,-6.266238689422607,1.9981582164764404,-0.015359344892203808,0.05201374366879463
239,23.899999618530273,0.15418241918087006,0.003042513271793723,3.0,-6.282501697540283,1.6260839700698853,-0.01564079523086548,0.05046294257044792
240,24.0,0.16557864844799042,0.006533171981573105,3.0,-6.297156810760498,1.2592542171478271,-0.0158510934561491,0.04888768121600151
241,24.100000381469727,0.1508028209209442,0.010023830458521843,3.0,-6.310247898101807,0.8988021016120911,-0.01600530743598938,0.04729432240128517
242,24.200000762939453,0.13602697849273682,0.013514488935470581,3.0,-6.321804046630859,0.5454908609390259,-0.01611778885126114,0.04568774253129959
243,24.299999237060547,0.12125115096569061,0.01700514741241932,3.0,-6.331841468811035,0.19974946975708008,-0.016201859340071678,0.044071439653635025
244,24.399999618530273,0.10647531598806381,0.020495805889368057,3.0,-6.340364933013916,-0.13828787207603455,-0.01626957580447197,0.04244764521718025
245,24.5,0.09169948101043701,0.023986464366316795,3.0,-6.347367763519287,-0.4687393605709076,-0.016331573948264122,0.040817443281412125
246,24.600000381469727,0.07692364603281021,0.027477122843265533,3.0,-6.3528337478637695,-0.7919324636459351,-0.01639697141945362,0.0391809456050396
247,24.700000762939453,0.06214781105518341,0.03096778132021427,3.0,-6.35673713684082,-1.1083613634109497,-0.01647333800792694,0.03753741458058357
248,24.799999237060547,0.04737197607755661,0.03445843979716301,3.0,-6.359044075012207,-1.4186460971832275,-0.016566716134548187,0.03588543459773064
249,24.899999618530273,0.03259614109992981,0.0337466299533844,3.0,-6.360110759735107,-1.718019723892212,-0.016441112384200096,0.0342305488884449
250,25.0,0.01782030612230301,0.030745558440685272,3.0,-6.360909938812256,-1.9915072917938232,-0.015759186819195747,0.032615263015031815
251,25.100000381469727,0.003044471610337496,0.027254899963736534,3.0,-6.3622870445251465,-2.225273370742798,-0.014489839784801006,0.031098555773496628
252,25.200000762939453,-0.011731362901628017,0.023764241486787796,3.0,-6.364869117736816,-2.4096415042877197,-0.01275330875068903,0.02973312884569168
253,25.299999237060547,-0.026507198810577393,0.020273583009839058,3.0,-6.369177341461182,-2.5379202365875244,-0.010664809495210648,0.028559887781739235
254,25.399999618530273,-0.04128303378820419,0.01678292453289032,3.0,-6.375631332397461,-2.6061315536499023,-0.008331901393830776,0.02760857343673706
255,25.5,-0.056058868765830994,0.013292266055941582,3.0,-6.384552478790283,-2.612703800201416,-0.005852503702044487,0.026898646727204323
256,25.600000381469727,-0.0708347037434578,0.009801607578992844,3.0,-6.396169662475586,-2.5581395626068115,-0.0033135029952973127,0.026440316811203957
257,25.700000762939453,-0.0856105387210846,0.006310949567705393,3.0,-6.410630226135254,-2.4446749687194824,-0.0007899088668636978,0.026235690340399742
258,25.799999237060547,-0.1003863736987114,0.002820290857926011,3.0,-6.428008556365967,-2.275940418243408,0.0016555042238906026,0.026279987767338753
259,25.899999618530273,-0.1151622086763382,-0.0006703676772303879,3.0,-6.448313236236572,-2.0566346645355225,0.003972138278186321,0.026562757790088654
260,26.0,-0.1299380362033844,-0.004161026328802109,3.0,-6.471502780914307,-1.7922166585922241,0.006121157668530941,0.027069084346294403
261,26.100000381469727,-0.11865011602640152,-0.007651684805750847,3.0,-6.497491836547852,-1.4886245727539062,0.008074795827269554,0.02778073213994503
262,26.200000762939453,-0.10736219584941864,-0.011142343282699585,3.0,-6.526164531707764,-1.1520239114761353,0.009815435856580734,0.0286772008985281
263,26.299999237060547,-0.09607427567243576,-0.014633001759648323,3.0,-6.557379722595215,-0.7885891199111938,0.011334543116390705,0.029736695811152458
264,26.399999618530273,-0.08478635549545288,-0.01812366023659706,3.0,-6.5909833908081055,-0.4043189287185669,0.012631483376026154,0.030936969444155693
265,26.5,-0.0734984278678894,-0.0216143187135458,3.0,-6.6268157958984375,-0.0048857033252716064,0.013712309300899506,0.032256051898002625
266,26.600000381469727,-0.062210507690906525,-0.025104977190494537,3.0,-6.66471529006958,0.40448158979415894,0.014588523656129837,0.033672869205474854
267,26.700000762939453,-0.05092258378863335,-0.028595635667443275,3.0,-6.704526901245117,0.8190827369689941,0.015275883488357067,0.035167720168828964
268,26.799999237060547,-0.03963466361165047,-0.032086294144392014,3.0,-6.746105670928955,1.2348029613494873,0.015793265774846077,0.03672264516353607
269,26.899999618530273,-0.02834673970937729,-0.03039907105267048,3.0,-6.788834571838379,1.6414034366607666,0.015865221619606018,0.03831249475479126
270,27.0,-0.01705881580710411,-0.027234524488449097,3.0,-6.831472873687744,2.018369674682617,0.015171150676906109,0.039870597422122955
271,27.100000381469727,-0.005770894233137369,-0.02374386601150036,3.0,-6.873108386993408,2.3499224185943604,0.013778005726635456,0.04132315143942833
272,27.200000762939453,0.005517028272151947,-0.02025320753455162,3.0,-6.9130024909973145,2.624436855316162,0.011826831847429276,0.04260733351111412
273,27.299999237060547,0.016804950311779976,-0.016762549057602882,3.0,-6.950540542602539,2.8338053226470947,0.009453078731894493,0.04367417097091675
274,27.399999618530273,0.028092874214053154,-0.013271890580654144,3.0,-6.985226154327393,2.9731247425079346,0.006783464923501015,0.044487833976745605
275,27.5,0.03938079625368118,-0.009781232103705406,3.0,-7.016679763793945,3.0403387546539307,0.003933588042855263,0.04502461105585098
276,27.600000381469727,0.05066872015595436,-0.006290573161095381,3.0,-7.044628620147705,3.035851001739502,0.0010062415385618806,0.04527171701192856
277,27.700000762939453,0.06195664033293724,-0.0027999146841466427,3.0,-7.068898677825928,2.9621269702911377,-0.0019096217583864927,0.04522598907351494
278,27.799999237060547,0.07324456423521042,0.0006907437928020954,3.0,-7.08940315246582,2.823296546936035,-0.004739353433251381,0.044892411679029465
279,27.899999618530273,0.0845324844121933,0.0041814022697508335,3.0,-7.106129169464111,2.624769687652588,-0.007422578055411577,0.04428274184465408
280,28.0,0.09582041203975677,0.007672060746699572,3.0,-7.119126319885254,2.3728761672973633,-0.009912739507853985,0.043414074927568436
281,28.100000381469727,0.08642036467790604,0.011162719689309597,3.0,-7.128494739532471,2.0745303630828857,-0.012176315300166607,0.04230749234557152
282,28.200000762939453,0.0770203247666359,0.014653378166258335,3.0,-7.134374618530273,1.7369381189346313,-0.014191757887601852,0.04098682478070259
283,28.299999237060547,0.06762027740478516,0.0181440357118845,3.0,-7.136932849884033,1.367332935333252,-0.015948252752423286,0.03947750851511955
284,28.399999618530273,0.058220237493515015,0.021634694188833237,3.0,-7.136353969573975,0.9727599620819092,-0.01744435541331768,0.03780559077858925
285,28.5,0.04882019758224487,0.025125352665781975,3.0,-7.132830619812012,0.5598953366279602,-0.018686562776565552,0.03599683940410614
286,28.600000381469727,0.03942015394568443,0.028616011142730713,3.0,-7.126555919647217,0.13490605354309082,-0.019687866792082787,0.03407604619860649
287,28.700000762939453,0.030020110309123993,0.029702894389629364,3.0,-7.117930889129639,-0.29369789361953735,-0.02033509872853756,0.03207036852836609
288,28.799999237060547,0.020620068535208702,0.026967868208885193,3.0,-7.107972621917725,-0.7084506750106812,-0.020295901224017143,0.030031461268663406
289,28.899999618530273,0.011220025829970837,0.023477209731936455,3.0,-7.09787130355835,-1.0886155366897583,-0.01943023130297661,0.028039010241627693
290,29.0,0.0018199828919023275,0.019986551254987717,3.0,-7.088475227355957,-1.4193775653839111,-0.01788383536040783,0.026168372482061386
291,29.100000381469727,-0.007580059580504894,0.01649589277803898,3.0,-7.080509662628174,-1.6897141933441162,-0.015799760818481445,0.02448042668402195
292,29.200000762939453,-0.01698010228574276,0.01300523430109024,3.0,-7.074573993682861,-1.8921259641647339,-0.01331454236060381,0.02302205003798008
293,29.299999237060547,-0.02638014405965805,0.009514575824141502,3.0,-7.071146488189697,-2.022305727005005,-0.010555165819823742,0.021826911717653275
294,29.399999618530273,-0.03578018769621849,0.006023917812854052,3.0,-7.070586681365967,-2.0787651538848877,-0.007636808790266514,0.020916568115353584
295,29.5,-0.04518023133277893,0.0025332593359053135,3.0,-7.073150157928467,-2.0624349117279053,-0.0046612778678536415,0.020301708951592445
296,29.600000381469727,-0.05458027124404907,-0.0009573992574587464,3.0,-7.078991889953613,-1.9762576818466187,-0.001716084312647581,0.019983552396297455
297,29.700000762939453,-0.06398031860589981,-0.004448057617992163,3.0,-7.08818244934082,-1.8247846364974976,0.0011259021703153849,0.01995530165731907
298,29.799999237060547,-0.07338035851716995,-0.007938716560602188,3.0,-7.100718021392822,-1.6137875318527222,0.003806315129622817,0.020203599706292152
299,29.899999618530273,-0.0827803984284401,-0.011429375037550926,3.0,-7.11653470993042,-1.3498955965042114,0.006280745845288038,0.02070995606482029
300,30.0,-0.09218044579029083,-0.014920033514499664,3.0,-7.135519027709961,-1.0402638912200928,0.008517865091562271,0.021452097222208977
301,30.100000381469727,-0.09216679632663727,-0.018410691991448402,3.0,-7.157519817352295,-0.6922788023948669,0.010498300194740295,0.02240523137152195
302,30.200000762939453,-0.0921531543135643,-0.02190135046839714,3.0,-7.182362079620361,-0.3133019208908081,0.012213327921926975,0.02354317344725132
303,30.299999237060547,-0.09213951230049133,-0.02539200894534588,3.0,-7.209854602813721,0.0895441472530365,0.013663461431860924,0.024839332327246666
304,30.399999618530273,-0.09212586283683777,-0.028882667422294617,3.0,-7.239797592163086,0.5095497369766235,0.014856984838843346,0.026267575100064278
305,30.5,-0.0921122208237648,-0.032373324036598206,3.0,-7.271995544433594,0.940552294254303,0.015808481723070145,0.027802923694252968
306,30.600000381469727,-0.09209857881069183,-0.03586398437619209,3.0,-7.306258678436279,1.3770333528518677,0.016537418588995934,0.02942211553454399
307,30.700000762939453,-0.09208493679761887,-0.03935464099049568,3.0,-7.342410087585449,1.8141814470291138,0.017066793516278267,0.03110402077436447
308,30.799999237060547,-0.0920712873339653,-0.04284530133008957,3.0,-7.380290508270264,2.247922897338867,0.017421904951334,0.03282993286848068
309,30.899999618530273,-0.09205764532089233,-0.046335961669683456,3.0,-7.419760704040527,2.6749279499053955,0.01762923039495945,0.03458374738693237
310,31.0,-0.09204400330781937,-0.049826618283987045,3.0,-7.460702419281006,3.0925920009613037,0.017715465277433395,0.0363520123064518
311,31.100000381469727,-0.0920303538441658,-0.05331727862358093,3.0,-7.5030198097229,3.4989993572235107,0.017706692218780518,0.03812393918633461
312,31.200000762939453,-0.09201671183109283,-0.05680793523788452,3.0,-7.546640396118164,3.892871856689453,0.017627697438001633,0.039891280233860016
313,31.299999237060547,-0.09200306981801987,-0.06029859557747841,3.0,-7.5915141105651855,4.273505687713623,0.017501449212431908,0.041648175567388535
314,31.399999618530273,-0.0919894278049469,-0.0637892559170723,3.0,-7.637612342834473,4.6407036781311035,0.017348695546388626,0.04339095950126648
315,31.5,-0.09197577834129333,-0.06727991253137589,3.0,-7.684924125671387,4.9947004318237305,0.0171876959502697,0.04511791467666626
316,31.600000381469727,-0.09196213632822037,-0.07077056914567947,3.0,-7.733457088470459,5.33608865737915,0.017034072428941727,0.046829018741846085
317,31.700000762939453,-0.0919484943151474,-0.07426122575998306,3.0,-7.783233165740967,5.665743350982666,0.016900764778256416,0.04852567985653877
318,31.799999237060547,-0.09193484485149384,-0.07775188982486725,3.0,-7.834288597106934,5.984753608703613,0.016798056662082672,0.050210464745759964
319,31.899999618530273,-0.09192120283842087,-0.08124254643917084,3.0,-7.886669158935547,6.294355869293213,0.016733700409531593,0.05188684165477753
320,32.0,-0.0919075608253479,-0.08473320305347443,3.0,-7.940431118011475,6.595873832702637,0.01671307533979416,0.05355893447995186
321,32.099998474121094,-0.09462818503379822,-0.08822385966777802,3.0,-7.99563455581665,6.890666484832764,0.01673940196633339,0.05523129552602768
322,32.20000076293945,-0.09734880179166794,-0.0917145237326622,3.0,-8.052345275878906,7.180081844329834,0.016813993453979492,0.05690869688987732
323,32.29999923706055,-0.10006942600011826,-0.09520518034696579,3.0,-8.110631942749023,7.465416431427002,0.01693650148808956,0.058595962822437286
324,32.400001525878906,-0.10279005020856857,-0.09869583696126938,3.0,-8.170562744140625,7.747889518737793,0.01710519753396511,0.060297805815935135
325,32.5,-0.10551067441701889,-0.10218649357557297,3.0,-8.23220443725586,8.02861499786377,0.017317242920398712,0.06201871484518051
326,32.599998474121094,-0.10823129862546921,-0.1054903045296669,3.0,-8.29560375213623,8.308268547058105,0.017556577920913696,0.06376229226589203
327,32.70000076293945,-0.11095191538333893,-0.10855986922979355,3.0,-8.360766410827637,8.5868558883667,0.017797689884901047,0.06553003191947937
328,32.79999923706055,-0.11367253959178925,-0.111471988260746,3.0,-8.427679061889648,8.863934516906738,0.018021702766418457,0.06732111424207687
329,32.900001525878906,-0.11639316380023956,-0.11429440230131149,3.0,-8.496321678161621,9.13890266418457,0.01821989379823208,0.06913331896066666
330,33.0,-0.11911378800868988,-0.11706076562404633,3.0,-8.566675186157227,9.411154747009277,0.01839037425816059,0.07096394151449203
331,33.099998474121094,-0.1218344047665596,-0.11980193853378296,3.0,-8.638723373413086,9.680185317993164,0.01853582262992859,0.0728103294968605
332,33.20000076293945,-0.12455502897500992,-0.12253179401159286,3.0,-8.712453842163086,9.945630073547363,0.018661299720406532,0.0746702179312706
333,33.29999923706055,-0.12727564573287964,-0.12525656819343567,3.0,-8.78786563873291,10.207280158996582,0.018772583454847336,0.07654189318418503
334,33.400001525878906,-0.12999626994132996,-0.12797905504703522,3.0,-8.864959716796875,10.465066909790039,0.018875369802117348,0.07842423021793365
335,33.5,-0.13271689414978027,-0.1307005137205124,3.0,-8.943743705749512,10.719048500061035,0.01897488348186016,0.08031663298606873
336,33.599998474121094,-0.1354375183582306,-0.13342151045799255,3.0,-9.0242280960083,10.969385147094727,0.01907569356262684,0.08221901953220367
337,33.70000076293945,-0.1381581425666809,-0.136142298579216,3.0,-9.10643196105957,11.216325759887695,0.019181638956069946,0.08413172513246536
338,33.79999923706055,-0.14087876677513123,-0.1388629972934723,3.0,-9.190376281738281,11.460183143615723,0.019295798614621162,0.08605540543794632
339,33.900001525878906,-0.14359939098358154,-0.1415836662054062,3.0,-9.276084899902344,11.701311111450195,0.019420521333813667,0.08799101412296295
340,34.0,-0.14632001519203186,-0.1443043053150177,3.0,-9.363584518432617,11.940096855163574,0.01955745741724968,0.08993969112634659
341,34.099998474121094,-0.14008428156375885,-0.14222203195095062,3.0,-9.452434539794922,12.170429229736328,0.019423214718699455,0.09189373254776001
342,34.20000076293945,-0.13384854793548584,-0.13904200494289398,3.0,-9.541680335998535,12.377171516418457,0.01873902417719364,0.0938064306974411
343,34.29999923706055,-0.12761281430721283,-0.1355513483285904,3.0,-9.63062858581543,12.548763275146484,0.017542580142617226,0.09562420099973679
344,34.400001525878906,-0.12137708812952042,-0.1320606917142868,3.0,-9.718724250793457,12.676796913146973,0.015939299017190933,0.09730111807584763
345,34.5,-0.1151413545012474,-0.12857003509998322,3.0,-9.805506706237793,12.75547981262207,0.014030111953616142,0.09880159795284271
346,34.599998474121094,-0.10890562832355499,-0.12507937848567963,3.0,-9.890603065490723,12.781389236450195,0.01190916821360588,0.1000998243689537
347,34.70000076293945,-0.10266989469528198,-0.12158871442079544,3.0,-9.973726272583008,12.753206253051758,0.009662114083766937,0.10117897391319275
348,34.79999923706055,-0.09643416106700897,-0.11809805780649185,3.0,-10.054668426513672,12.671424865722656,0.007364879362285137,0.10203031450510025
349,34.900001525878906,-0.09019843488931656,-0.11460739374160767,3.0,-10.133296966552734,12.538049697875977,0.005082957912236452,0.10265219211578369
350,35.0,-0.08396270126104355,-0.11111673712730408,3.0,-10.20954418182373,12.356298446655273,0.002871104283258319,0.10304898023605347
351,35.099998474121094,-0.07772697508335114,-0.10762608051300049,3.0,-10.283392906188965,12.130321502685547,0.0007733937236480415,0.10322996228933334
352,35.20000076293945,-0.07149124145507812,-0.1041354238986969,3.0,-10.354876518249512,11.864925384521484,-0.0011764088412746787,0.10320833325386047
353,35.29999923706055,-0.06525550782680511,-0.10064475983381271,3.0,-10.424060821533203,11.565327644348145,-0.0029542245902121067,0.10300014913082123
354,35.400001525878906,-0.0590197779238224,-0.09715410321950912,3.0,-10.491043090820312,11.236943244934082,-0.004544856026768684,0.10262346267700195
355,35.5,-0.05278404802083969,-0.09366344660520554,3.0,-10.555939674377441,10.885186195373535,-0.005941040813922882,0.10209741443395615
356,35.599998474121094,-0.04654831811785698,-0.09017278999090195,3.0,-10.618879318237305,10.515313148498535,-0.007142423186451197,0.10144149512052536
357,35.70000076293945,-0.04031258821487427,-0.08668212592601776,3.0,-10.6799955368042,10.13228988647461,-0.008154475130140781,0.10067497193813324
358,35.79999923706055,-0.034076858311891556,-0.08319146931171417,3.0,-10.739422798156738,9.740693092346191,-0.008987419307231903,0.09981630742549896
359,35.900001525878906,-0.027841126546263695,-0.07970081269741058,3.0,-10.79728889465332,9.34463119506836,-0.009655183181166649,0.09888273477554321
360,36.0,-0.021605394780635834,-0.076210156083107,3.0,-10.853713989257812,8.947698593139648,-0.010174396447837353,0.09788995236158371
361,36.099998474121094,-0.015884406864643097,-0.07271949201822281,3.0,-10.908804893493652,8.552947998046875,-0.010563477873802185,0.09685192257165909
362,36.20000076293945,-0.010163418017327785,-0.06922883540391922,3.0,-10.962655067443848,8.162887573242188,-0.010841806419193745,0.09578068554401398
363,36.29999923706055,-0.004442429635673761,-0.06573817878961563,3.0,-11.015342712402344,7.7794880867004395,-0.01102899294346571,0.09468632936477661
364,36.400001525878906,0.0012785590952262282,-0.062247518450021744,3.0,-11.066927909851074,7.4042134284973145,-0.011144261807203293,0.09357700496912003
365,36.5,0.006999547593295574,-0.058756861835718155,3.0,-11.117454528808594,7.038053035736084,-0.011205945163965225,0.09245898574590683
366,36.599998474121094,0.012720536440610886,-0.05526620149612427,3.0,-11.166950225830078,6.6815690994262695,-0.011231070384383202,0.09133675694465637
367,36.70000076293945,0.018441524356603622,-0.05177554488182068,3.0,-11.215428352355957,6.334946632385254,-0.011235068552196026,0.09021319448947906
368,36.79999923706055,0.02416251227259636,-0.04828488454222679,3.0,-11.262886047363281,5.998046875,-0.011231563985347748,0.08908972144126892
369,36.900001525878906,0.029883502051234245,-0.0447942279279232,3.0,-11.309309959411621,5.6704607009887695,-0.01123225037008524,0.08796647191047668
370,37.0,0.03560449182987213,-0.041303567588329315,3.0,-11.354670524597168,5.351568222045898,-0.011246850714087486,0.08684252947568893
371,37.099998474121094,0.04132547974586487,-0.037812910974025726,3.0,-11.398934364318848,5.040582656860352,-0.01128313783556223,0.08571609854698181
372,37.20000076293945,0.047046467661857605,-0.03432225063443184,3.0,-11.442056655883789,4.736607074737549,-0.011347007006406784,0.08458471298217773
373,37.29999923706055,0.05276745557785034,-0.0308315921574831,3.0,-11.483986854553223,4.43867301940918,-0.011442597024142742,0.08344537764787674
374,37.400001525878906,0.05848844349384308,-0.027340933680534363,3.0,-11.52466869354248,4.145785808563232,-0.01157244760543108,0.08229479193687439
375,37.5,0.06420943140983582,-0.023850275203585625,3.0,-11.564043998718262,3.8569512367248535,-0.011737667955458164,0.08112945407629013
376,37.599998474121094,0.06993041932582855,-0.020359616726636887,3.0,-11.602054595947266,3.5712099075317383,-0.011938132345676422,0.07994582504034042
377,37.70000076293945,0.07565140724182129,-0.01686895824968815,3.0,-11.638636589050293,3.2876601219177246,-0.012172676622867584,0.0787404254078865
378,37.79999923706055,0.08137239515781403,-0.013378300704061985,3.0,-11.673730850219727,3.0054728984832764,-0.012439295649528503,0.07750994712114334
379,37.900001525878906,0.08709338307380676,-0.009887642227113247,3.0,-11.707276344299316,2.723907232284546,-0.012735335156321526,0.0762513130903244
380,38.0,0.0928143784403801,-0.0063969832845032215,3.0,-11.739216804504395,2.442317485809326,-0.013057668693363667,0.07496173679828644
381,38.099998474121094,0.08071351796388626,-0.002906325040385127,3.0,-11.769495010375977,2.1601569652557373,-0.01340287271887064,0.07363875210285187
382,38.20000076293945,0.06861266493797302,0.0005843335529789329,3.0,-11.798059463500977,1.8769793510437012,-0.013767365366220474,0.07228025794029236
383,38.29999923706055,0.05651180446147919,0.004074992146342993,3.0,-11.824860572814941,1.5924363136291504,-0.014147542417049408,0.07088449597358704
384,38.400001525878906,0.04441095143556595,0.007565650623291731,3.0,-11.84985065460205,1.3062713146209717,-0.014539884403347969,0.06945007294416428
385,38.5,0.03231009468436241,0.011056308634579182,3.0,-11.8729887008667,1.0183138847351074,-0.014941053465008736,0.06797594577074051
386,38.599998474121094,0.020209236070513725,0.01454696711152792,3.0,-11.894233703613281,0.7284703254699707,-0.01534795481711626,0.06646140664815903
387,38.70000076293945,0.008108380250632763,0.012452572584152222,3.0,-11.914053916931152,0.4437143802642822,-0.01544803474098444,0.06491540372371674
388,38.79999923706055,-0.003992476034909487,0.008961914107203484,3.0,-11.933667182922363,0.18362084031105042,-0.01484611351042986,0.06339547783136368
389,38.900001525878906,-0.016093332320451736,0.0054712556302547455,3.0,-11.953791618347168,-0.03895987942814827,-0.0136607950553298,0.06196589767932892
390,39.0,-0.028194189071655273,0.0019805969204753637,3.0,-11.97504997253418,-0.21430817246437073,-0.012009366415441036,0.0606791190803051
391,39.099998474121094,-0.04029504582285881,-0.0015100615564733744,3.0,-11.997958183288574,-0.33563172817230225,-0.010004518553614616,0.059576068073511124
392,39.20000076293945,-0.05239590257406235,-0.005000720266252756,3.0,-12.02293586730957,-0.39880698919296265,-0.007751730270683765,0.058686744421720505
393,39.29999923706055,-0.06449675559997559,-0.008491378277540207,3.0,-12.050305366516113,-0.4020822048187256,-0.0053472681902348995,0.05803103744983673
394,39.400001525878906,-0.07659761607646942,-0.011982036754488945,3.0,-12.080296516418457,-0.3457566797733307,-0.0028767818585038185,0.057619743049144745
395,39.5,-0.08869846910238266,-0.015472695231437683,3.0,-12.113062858581543,-0.23184950649738312,-0.00041442958172410727,0.05745566263794899
396,39.599998474121094,-0.1007993295788765,-0.01896335370838642,3.0,-12.148681640625,-0.06376953423023224,0.001977517968043685,0.05753476917743683
397,39.70000076293945,-0.11290018260478973,-0.02245401218533516,3.0,-12.18716812133789,0.15400430560112,0.004248655866831541,0.05784739553928375
398,39.79999923706055,-0.12500104308128357,-0.025944670662283897,3.0,-12.228487014770508,0.41622406244277954,0.006360075436532497,0.05837943032383919
399,39.900001525878906,-0.1371019035577774,-0.029435329139232635,3.0,-12.272561073303223,0.7171491980552673,0.008283712901175022,0.059113409370183945
400,40.0,-0.14920274913311005,-0.03292598947882652,3.0,-12.319275856018066,1.0507946014404297,0.010001476854085922,0.06002957373857498
401,40.099998474121094,-0.14089252054691315,-0.03641664609313011,3.0,-12.368499755859375,1.411146640777588,0.0115042207762599,0.06110680103302002
402,40.20000076293945,-0.13258229196071625,-0.039907306432724,3.0,-12.420083999633789,1.7923458814620972,0.012790601700544357,0.06232346221804619
403,40.29999923706055,-0.12427206337451935,-0.04339796304702759,3.0,-12.473873138427734,2.1888368129730225,0.01386590301990509,0.06365814805030823
404,40.400001525878906,-0.11596183478832245,-0.046888623386621475,3.0,-12.529709815979004,2.595485210418701,0.014740830287337303,0.06509023159742355
405,40.5,-0.10765160620212555,-0.050379280000925064,3.0,-12.587445259094238,3.0076637268066406,0.01543034240603447,0.06660039722919464
406,40.599998474121094,-0.09934137761592865,-0.05386994034051895,3.0,-12.646934509277344,3.4213109016418457,0.015952538698911667,0.06817099452018738
407,40.70000076293945,-0.09103114902973175,-0.05736059695482254,3.0,-12.708049774169922,3.832961082458496,0.0163276307284832,0.06978628039360046
408,40.79999923706055,-0.08272092044353485,-0.06085125729441643,3.0,-12.770678520202637,4.239755630493164,0.016577009111642838,0.07143260538578033
409,40.900001525878906,-0.07441069185733795,-0.06434191763401031,3.0,-12.834723472595215,4.639429569244385,0.0167224183678627,0.07309848815202713
410,41.0,-0.06610046327114105,-0.06562398374080658,3.0,-12.899914741516113,5.027607440948486,0.0166658703237772,0.07477104663848877
411,41.099998474121094,-0.05779023468494415,-0.06291782110929489,3.0,-12.965370178222656,5.390873432159424,0.016072170808911324,0.07641419023275375
412,41.20000076293945,-0.04948000609874725,-0.0594271644949913,3.0,-13.030004501342773,5.711750507354736,0.014781755395233631,0.0779619812965393
413,41.29999923706055,-0.041169777512550354,-0.055936507880687714,3.0,-13.093085289001465,5.978492259979248,0.012932038865983486,0.07935162633657455
414,41.400001525878906,-0.032859548926353455,-0.052445847541093826,3.0,-13.1539945602417,6.182802677154541,0.010655442252755165,0.08053388446569443
415,41.5,-0.024549320340156555,-0.04895519092679024,3.0,-13.212236404418945,6.3195390701293945,0.008076261729001999,0.08147235959768295
416,41.599998474121094,-0.016239089891314507,-0.04546453058719635,3.0,-13.267424583435059,6.386368751525879,0.0053082481026649475,0.08214258402585983
417,41.70000076293945,-0.007928862236440182,-0.04197387397289276,3.0,-13.319280624389648,6.38339900970459,0.002452894113957882,0.08253084868192673
418,41.79999923706055,0.0003813670773524791,-0.038483213633298874,3.0,-13.367621421813965,6.312788009643555,-0.00040165119571611285,0.08263293653726578
419,41.900001525878906,0.008691595867276192,-0.034992557018995285,3.0,-13.41235065460205,6.178359508514404,-0.003181102219969034,0.08245275914669037
420,42.0,0.01700182445347309,-0.0315018966794014,3.0,-13.453446388244629,5.9852294921875,-0.005825062282383442,0.0820009633898735
421,42.099998474121094,0.00982589740306139,-0.02801124006509781,3.0,-13.490947723388672,5.739447116851807,-0.008286633528769016,0.08129356056451797
422,42.20000076293945,0.0026499698869884014,-0.02452058158814907,3.0,-13.524944305419922,5.4476728439331055,-0.010531685315072536,0.0803505927324295
423,42.29999923706055,-0.004525957629084587,-0.021029923111200333,3.0,-13.555564880371094,5.116881847381592,-0.012537863105535507,0.07919492572546005
424,42.400001525878906,-0.011701884679496288,-0.017539264634251595,3.0,-13.582968711853027,4.754107475280762,-0.014293397776782513,0.07785111665725708
425,42.5,-0.01887781172990799,-0.017962660640478134,3.0,-13.607696533203125,4.371297359466553,-0.01557275839149952,0.07635132968425751
426,42.599998474121094,-0.026053739711642265,-0.020921073853969574,3.0,-13.63092041015625,3.990220069885254,-0.01603861339390278,0.0747632086277008
427,42.70000076293945,-0.03322966769337654,-0.024411732330918312,3.0,-13.6537446975708,3.6318674087524414,-0.01564873568713665,0.07317241281270981
428,42.79999923706055,-0.04040559381246567,-0.02790239080786705,3.0,-13.677031517028809,3.312319278717041,-0.014539633877575397,0.0716577097773552
429,42.900001525878906,-0.04758152365684509,-0.03139305114746094,3.0,-13.701529502868652,3.0439794063568115,-0.012847709469497204,0.07028418034315109
430,43.0,-0.05475744977593422,-0.034883707761764526,3.0,-13.727871894836426,2.835785150527954,-0.010705234482884407,0.06910344958305359
431,43.099998474121094,-0.061933375895023346,-0.038374368101358414,3.0,-13.756573677062988,2.693486213684082,-0.008237075991928577,0.06815426051616669
432,43.20000076293945,-0.06910930573940277,-0.041865024715662,3.0,-13.788037300109863,2.619976043701172,-0.00555815314874053,0.06746333092451096
433,43.29999923706055,-0.0762852281332016,-0.04535568505525589,3.0,-13.822559356689453,2.615654706954956,-0.002771590370684862,0.06704647839069366
434,43.400001525878906,-0.08346115797758102,-0.04884634166955948,3.0,-13.860339164733887,2.678807497024536,3.24867432937026e-05,0.06690985709428787
435,43.5,-0.09063708782196045,-0.052337002009153366,3.0,-13.9014892578125,2.8059890270233154,0.0027775855269283056,0.06705126911401749
436,43.599998474121094,-0.09781301021575928,-0.055827658623456955,3.0,-13.946043968200684,2.9923977851867676,0.005400972906500101,0.06746157258749008
437,43.70000076293945,-0.1049889400601387,-0.05931831896305084,3.0,-13.993976593017578,3.232232093811035,0.007853372022509575,0.06812602281570435
438,43.79999923706055,-0.11216486990451813,-0.06280897557735443,3.0,-14.045206069946289,3.5190176963806152,0.010098314844071865,0.06902559101581573
439,43.900001525878906,-0.11934079974889755,-0.06629963219165802,3.0,-14.099609375,3.845906972885132,0.012111205607652664,0.07013820111751556
440,44.0,-0.12651672959327698,-0.0697902962565422,3.0,-14.157033920288086,4.2059407234191895,0.013878189027309418,0.07143989205360413
441,44.099998474121094,-0.12386731058359146,-0.0732809528708458,3.0,-14.217308044433594,4.59227180480957,0.01539487112313509,0.0729057639837265
442,44.20000076293945,-0.12121789902448654,-0.07677160948514938,3.0,-14.280248641967773,4.998350143432617,0.016664965078234673,0.07451090961694717
443,44.29999923706055,-0.11856848746538162,-0.08026226609945297,3.0,-14.34566879272461,5.4180731773376465,0.017698904499411583,0.07623115181922913
444,44.400001525878906,-0.1159190759062767,-0.08375293016433716,3.0,-14.413387298583984,5.845892906188965,0.018512479960918427,0.0780436247587204
445,44.5,-0.11326966434717178,-0.08724358677864075,3.0,-14.48322868347168,6.276895999908447,0.019125524908304214,0.0799272358417511
446,44.599998474121094,-0.11062025278806686,-0.09073424339294434,3.0,-14.555035591125488,6.706849098205566,0.019560696557164192,0.08186306804418564
447,44.70000076293945,-0.10797084122896194,-0.09422490000724792,3.0,-14.628665924072266,7.132216930389404,0.019842354580760002,0.08383452892303467
448,44.79999923706055,-0.10532142966985703,-0.09771556407213211,3.0,-14.703995704650879,7.550159454345703,0.01999557763338089,0.08582753688097
449,44.900001525878906,-0.1026720181107521,-0.10071812570095062,3.0,-14.780899047851562,7.958162307739258,0.020028064027428627,0.08783015608787537
450,45.0,-0.10002260655164719,-0.10049427300691605,3.0,-14.858846664428711,8.348265647888184,0.019721513614058495,0.08982188254594803
451,45.099998474121094,-0.09737319499254227,-0.0987371876835823,3.0,-14.936999320983887,8.707223892211914,0.018888983875513077,0.09175704419612885
452,45.20000076293945,-0.09472378343343735,-0.09641604870557785,3.0,-15.014627456665039,9.023381233215332,0.0175403393805027,0.0935826450586319
453,45.29999923706055,-0.09207437187433243,-0.09390565752983093,3.0,-15.091110229492188,9.28773307800293,0.015757912769913673,0.09525088220834732
454,45.400001525878906,-0.08942496031522751,-0.09131871908903122,3.0,-15.16594123840332,9.49404239654541,0.013642914593219757,0.09672337025403976
455,45.5,-0.08677554875612259,-0.08869737386703491,3.0,-15.238709449768066,9.638679504394531,0.011297138407826424,0.09797199070453644
456,45.599998474121094,-0.08412613719701767,-0.08606057614088058,3.0,-15.30910873413086,9.720370292663574,0.008816077373921871,0.09897851198911667
457,45.70000076293945,-0.08147672563791275,-0.08341683447360992,3.0,-15.37691879272461,9.739890098571777,0.006285509094595909,0.09973378479480743
458,45.79999923706055,-0.07882731407880783,-0.08076996356248856,3.0,-15.442007064819336,9.699722290039062,0.003779779188334942,0.1002366691827774
459,45.900001525878906,-0.07617790251970291,-0.07812169939279556,3.0,-15.504313468933105,9.603730201721191,0.001361081493087113,0.10049286484718323
460,46.0,-0.07352849096059799,-0.07547280192375183,3.0,-15.563838958740234,9.456822395324707,-0.0009206245886161923,0.10051367431879044
461,46.099998474121094,-0.06520843505859375,-0.07232783734798431,3.0,-15.620614051818848,9.264291763305664,-0.0030448362231254578,0.10031446069478989
462,46.20000076293945,-0.05688837915658951,-0.06883718073368073,3.0,-15.674569129943848,9.029763221740723,-0.005054779350757599,0.099908247590065
463,46.29999923706055,-0.048568326979875565,-0.06534651666879654,3.0,-15.725741386413574,8.757916450500488,-0.006919163279235363,0.09930810332298279
464,46.400001525878906,-0.04024827107787132,-0.06185586005449295,3.0,-15.774198532104492,8.453798294067383,-0.008615922182798386,0.09852974861860275
465,46.5,-0.03192821517586708,-0.05836519971489906,3.0,-15.820036888122559,8.122623443603516,-0.01013142243027687,0.09759069979190826
466,46.599998474121094,-0.023608162999153137,-0.054874543100595474,3.0,-15.863367080688477,7.7695817947387695,-0.011459539644420147,0.09650944918394089
467,46.70000076293945,-0.01528810802847147,-0.05138388276100159,3.0,-15.904317855834961,7.399697780609131,-0.01260066032409668,0.09530476480722427
468,46.79999923706055,-0.006968053989112377,-0.047893226146698,3.0,-15.94301700592041,7.017703056335449,-0.013560648076236248,0.09399508684873581
469,46.900001525878906,0.0013520001666620374,-0.04440256580710411,3.0,-15.979594230651855,6.6279425621032715,-0.014349809847772121,0.09259805828332901
470,47.0,0.009672054089605808,-0.04091190919280052,3.0,-16.014171600341797,6.234308242797852,-0.014981887303292751,0.0911301001906395
471,47.099998474121094,0.017992109060287476,-0.037421248853206635,3.0,-16.046863555908203,5.840190887451172,-0.01547311618924141,0.08960611373186111
472,47.20000076293945,0.02631216309964657,-0.033930592238903046,3.0,-16.07777214050293,5.44846248626709,-0.015841344371438026,0.08803930878639221
473,47.29999923706055,0.03463221713900566,-0.030439933761954308,3.0,-16.106985092163086,5.061468124389648,-0.016105253249406815,0.0864410474896431
474,47.400001525878906,0.0429522730410099,-0.02694927528500557,3.0,-16.13457679748535,4.681042671203613,-0.016283676028251648,0.08482082933187485
475,47.5,0.051272325217723846,-0.02345861680805683,3.0,-16.16060447692871,4.308535575866699,-0.016395000740885735,0.08318627625703812
476,47.599998474121094,0.05959238111972809,-0.019967958331108093,3.0,-16.185108184814453,3.944847345352173,-0.016456713899970055,0.0815432146191597
477,47.70000076293945,0.06791243702173233,-0.016477299854159355,3.0,-16.208112716674805,3.5904700756073,-0.016485007479786873,0.07989578694105148
478,47.79999923706055,0.07623248547315598,-0.012986641377210617,3.0,-16.22962760925293,3.2455413341522217,-0.0164945088326931,0.0782465860247612
479,47.900001525878906,0.08455254137516022,-0.009495982900261879,3.0,-16.249650955200195,2.9098939895629883,-0.01649809069931507,0.07659681886434555
480,48.0,0.09287259727716446,-0.0060053239576518536,3.0,-16.268169403076172,2.583108901977539,-0.01650676131248474,0.07494651526212692
481,48.099998474121094,0.09166715294122696,-0.0025146654807031155,3.0,-16.28515625,2.264566659927368,-0.016529636457562447,0.07329471409320831
482,48.20000076293945,0.09046170115470886,0.0009759929962456226,3.0,-16.300575256347656,1.9534976482391357,-0.016573963686823845,0.07163961231708527
483,48.29999923706055,0.08925625681877136,0.004466651473194361,3.0,-16.314382553100586,1.6490287780761719,-0.016645198687911034,0.0699787586927414
484,48.400001525878906,0.08805081248283386,0.007957310415804386,3.0,-16.326534271240234,1.3502254486083984,-0.01674712635576725,0.06830927729606628
485,48.5,0.08684536069631577,0.011447968892753124,3.0,-16.336973190307617,1.0561282634735107,-0.01688200980424881,0.06662796437740326
486,48.599998474121094,0.08563991636037827,0.014938627369701862,3.0,-16.34564781188965,0.765786349773407,-0.017050761729478836,0.0649314746260643
487,48.70000076293945,0.08443447202444077,0.018429284915328026,3.0,-16.352495193481445,0.47828343510627747,-0.017253132537007332,0.06321641802787781
488,48.79999923706055,0.08322902768850327,0.021919943392276764,3.0,-16.35746192932129,0.1927601546049118,-0.017487894743680954,0.06147950142621994
489,48.900001525878906,0.08202357590198517,0.025410601869225502,3.0,-16.360488891601562,-0.0915701687335968,-0.01775304041802883,0.0597175657749176
490,49.0,0.08081813156604767,0.02890126034617424,3.0,-16.36151885986328,-0.3754090666770935,-0.018045952543616295,0.057927705347537994
491,49.099998474121094,0.07961268723011017,0.03239192068576813,3.0,-16.36049461364746,-0.659365713596344,-0.01836358569562435,0.0561072863638401
492,49.20000076293945,0.07840723544359207,0.035882577300071716,3.0,-16.35736846923828,-0.9439534544944763,-0.01870262436568737,0.05425400659441948
493,49.29999923706055,0.07720179110765457,0.039373237639665604,3.0,-16.35209083557129,-1.229589581489563,-0.019059620797634125,0.05236589536070824
494,49.400001525878906,0.07599634677171707,0.04286389425396919,3.0,-16.3446102142334,-1.5165979862213135,-0.019431110471487045,0.050441328436136246
495,49.5,0.07479090243577957,0.04635455459356308,3.0,-16.33488655090332,-1.8052146434783936,-0.01981373503804207,0.04847903177142143
496,49.599998474121094,0.07358545064926147,0.04984521120786667,3.0,-16.3228816986084,-2.0955944061279297,-0.02020430937409401,0.046478044241666794
497,49.70000076293945,0.07238000631332397,0.053335871547460556,3.0,-16.308557510375977,-2.3878183364868164,-0.020599892362952232,0.04443772882223129
498,49.79999923706055,0.07117456197738647,0.056826528161764145,3.0,-16.2918758392334,-2.6819043159484863,-0.02099783718585968,0.04235771670937538
499,49.900001525878906,0.06996911019086838,0.06031718850135803,3.0,-16.272808074951172,-2.9778153896331787,-0.02139582484960556,0.04023788869380951
500,50.0,0.06876366585493088,0.06380784511566162,3.0,-16.25132179260254,-3.27547025680542,-0.02179187908768654,0.038078345358371735
