time,dec,de,u,w,q,theta,mode
0.0,0.0,0.0,0.0,0.0,0.0,0.0,2.0
0.10000000149011612,-0.008331796154379845,-0.0022940158378332853,-0.00023126762243919075,0.0032139441464096308,0.00013941134966444224,4.503414857026655e-06,2.0
0.20000000298023224,-0.01666359230875969,-0.0057712760753929615,-0.001234213588759303,0.018047921359539032,0.0005915135843679309,3.8053734897403046e-05,2.0
0.30000001192092896,-0.024995386600494385,-0.009683833457529545,-0.003488176502287388,0.05231499671936035,0.001374520710669458,0.0001335433917120099,2.0
0.4000000059604645,-0.03332718461751938,-0.013756532222032547,-0.007411448750644922,0.11242025345563889,0.0024503415916115046,0.00032240888685919344,2.0
0.5,-0.041658978909254074,-0.017888143658638,-0.01336081326007843,0.2031431943178177,0.0037621243391186,0.00063116051023826,2.0
0.6000000238418579,-0.04999077320098877,-0.022041426971554756,-0.021632134914398193,0.32765984535217285,0.005249032750725746,0.0010803511831909418,2.0
0.699999988079071,-0.05832257121801376,-0.02620268426835537,-0.03246234357357025,0.48766687512397766,0.006852408871054649,0.0016845273785293102,2.0
0.800000011920929,-0.06665436923503876,-0.03036687709391117,-0.046032752841711044,0.6835512518882751,0.008518541231751442,0.0024526019115000963,2.0
0.8999999761581421,-0.07498615980148315,-0.03453214466571808,-0.06247343122959137,0.9145803451538086,0.010199989192187786,0.003388422541320324,2.0
1.0,-0.08331795781850815,-0.03869781270623207,-0.08186843246221542,1.1790975332260132,0.011856187134981155,0.004491434432566166,2.0
1.100000023841858,-0.09164975583553314,-0.0428636260330677,-0.10426153242588043,1.4747161865234375,0.01345363911241293,0.005757378879934549,2.0
1.2000000476837158,-0.09998154640197754,-0.047029491513967514,-0.12966223061084747,1.798505187034607,0.014965825714170933,0.007178997155278921,2.0
1.2999999523162842,-0.10831334441900253,-0.051195379346609116,-0.15805184841156006,2.1471610069274902,0.01637290231883526,0.008746718056499958,2.0
1.399999976158142,-0.11664514243602753,-0.055361270904541016,-0.18938955664634705,2.517164468765259,0.017661243677139282,0.010449298657476902,2.0
1.5,-0.12497693300247192,-0.059527166187763214,-0.22361797094345093,2.9049196243286133,0.018822867423295975,0.012274420820176601,2.0
1.600000023841858,-0.13330873847007751,-0.06369306892156601,-0.2606685161590576,3.306871175765991,0.019854793325066566,0.01420922763645649,2.0
1.7000000476837158,-0.1416405290365219,-0.06785896420478821,-0.3004660904407501,3.7196056842803955,0.020758338272571564,0.01624077931046486,2.0
1.7999999523162842,-0.1499723196029663,-0.0720248594880104,-0.34293341636657715,4.139928340911865,0.02153840661048889,0.018356457352638245,2.0
1.899999976158142,-0.1583041250705719,-0.0761907622218132,-0.3879944980144501,4.564924716949463,0.02220277488231659,0.02054428495466709,2.0
2.0,-0.1666359156370163,-0.0803566575050354,-0.4355778098106384,4.992003917694092,0.02276141569018364,0.022793171927332878,2.0
2.0999999046325684,-0.16023001074790955,-0.08046478033065796,-0.4852094352245331,5.413237571716309,0.0229792520403862,0.025085145607590675,2.0
2.200000047683716,-0.1538241058588028,-0.07847993075847626,-0.5358773469924927,5.8118743896484375,0.022562269121408463,0.02736799046397209,2.0
2.299999952316284,-0.14741820096969604,-0.07572509348392487,-0.5866872072219849,6.172572612762451,0.02149118483066559,0.029575997963547707,2.0
2.4000000953674316,-0.1410122960805893,-0.07268700003623962,-0.6368633508682251,6.482828617095947,0.019846295937895775,0.03164733201265335,2.0
2.5,-0.13460639119148254,-0.06954469531774521,-0.6857499480247498,6.733344078063965,0.01774069108068943,0.03353014588356018,2.0
2.5999999046325684,-0.1282004863023758,-0.06636405736207962,-0.7328097820281982,6.917957305908203,0.01529381051659584,0.035184346139431,2.0
2.700000047683716,-0.12179458886384964,-0.06316931545734406,-0.7776204347610474,7.033395767211914,0.012620296329259872,0.0365816093981266,2.0
2.799999952316284,-0.11538868397474289,-0.059969380497932434,-0.8198677897453308,7.078939437866211,0.00982491672039032,0.037704601883888245,2.0
2.9000000953674316,-0.10898277908563614,-0.0567675419151783,-0.8593373894691467,7.05604887008667,0.007000124081969261,0.038545869290828705,2.0
3.0,-0.10257687419652939,-0.053564995527267456,-0.8959044814109802,6.967983245849609,0.004224906675517559,0.03910653665661812,2.0
3.0999999046325684,-0.09617096930742264,-0.05036219581961632,-0.9295224547386169,6.819421291351318,0.0015644509112462401,0.039394933730363846,2.0
3.200000047683716,-0.08976506441831589,-0.04715929925441742,-0.9602112174034119,6.616099834442139,-0.0009296751813963056,0.03942523151636124,2.0
3.299999952316284,-0.08335915952920914,-0.043956365436315536,-0.9880453944206238,6.36447811126709,-0.003218925092369318,0.03921608254313469,2.0
3.4000000953674316,-0.07695326209068298,-0.04075342416763306,-1.013142466545105,6.071432590484619,-0.005276878364384174,0.038789406418800354,2.0
3.5,-0.07054735720157623,-0.03755047544836998,-1.0356520414352417,5.743985652923584,-0.007088121026754379,0.03816917911171913,2.0
3.5999999046325684,-0.06414145231246948,-0.034347523003816605,-1.0557453632354736,5.389075756072998,-0.00864697527140379,0.03738044202327728,2.0
3.700000047683716,-0.05773554742336273,-0.03114457055926323,-1.0736058950424194,5.013364791870117,-0.009956135414540768,0.03644835948944092,2.0
3.799999952316284,-0.05132964253425598,-0.027941618114709854,-1.089421033859253,4.6230854988098145,-0.01102527603507042,0.03539746254682541,2.0
3.9000000953674316,-0.04492374137043953,-0.024738667532801628,-1.1033755540847778,4.223918437957764,-0.01186966523528099,0.03425104171037674,2.0
4.0,-0.03851783648133278,-0.021535715088248253,-1.115645170211792,3.8209147453308105,-0.012508831918239594,0.033030617982149124,2.0
4.099999904632568,-0.03710272163152695,-0.01970689184963703,-1.1265308856964111,3.420370578765869,-0.0128818079829216,0.03175830841064453,2.0
4.199999809265137,-0.035687610507011414,-0.018586836755275726,-1.1365017890930176,3.030987024307251,-0.01290921401232481,0.03046586737036705,2.0
4.300000190734863,-0.03427249565720558,-0.017727527767419815,-1.1459708213806152,2.6604068279266357,-0.012605404481291771,0.02918757125735283,2.0
4.400000095367432,-0.03285738453269005,-0.016964145004749298,-1.155293583869934,2.3147506713867188,-0.01201842725276947,0.027954282239079475,2.0
4.5,-0.031442269682884216,-0.01623605005443096,-1.1647673845291138,1.9985237121582031,-0.011206792667508125,0.026791425421833992,2.0
4.599999904632568,-0.030027156695723534,-0.015520937740802765,-1.1746313571929932,1.7146817445755005,-0.010230020619928837,0.02571847476065159,2.0
4.699999809265137,-0.02861204370856285,-0.014810601249337196,-1.1850687265396118,1.4647668600082397,-0.009144474752247334,0.024749090895056725,2.0
4.800000190734863,-0.02719693072140217,-0.014102022163569927,-1.1962096691131592,1.2490758895874023,-0.00800137035548687,0.023891543969511986,2.0
4.900000095367432,-0.025781817734241486,-0.013394089415669441,-1.2081360816955566,1.0668449401855469,-0.006845754571259022,0.0231492817401886,2.0
5.0,-0.024366704747080803,-0.012686395086348057,-1.220885992050171,0.9164375066757202,-0.005716034211218357,0.022521577775478363,2.0
5.099999904632568,-0.02295159175992012,-0.011978787370026112,-1.234459638595581,0.7955300211906433,-0.004643833264708519,0.022004207596182823,2.0
5.199999809265137,-0.021536478772759438,-0.011271212249994278,-1.2488247156143188,0.701288104057312,-0.0036541083827614784,0.021590109914541245,2.0
5.300000190734863,-0.020121365785598755,-0.010563649237155914,-1.2639226913452148,0.6305314898490906,-0.002765448298305273,0.021270059049129486,2.0
5.400000095367432,-0.018706252798438072,-0.009856089949607849,-1.2796744108200073,0.5798822045326233,-0.001990522025153041,0.0210332740098238,2.0
5.5,-0.01729113981127739,-0.009148532524704933,-1.2959848642349243,0.545896053314209,-0.0013366325292736292,0.020867969840765,2.0
5.599999904632568,-0.015876026824116707,-0.008440975099802017,-1.3127493858337402,0.5251752138137817,-0.0008063417044468224,0.020761875435709953,2.0
5.699999809265137,-0.014460913836956024,-0.007733419071882963,-1.3298569917678833,0.5144616365432739,-0.00039813961484469473,0.020702680572867393,2.0
5.800000190734863,-0.013045800849795341,-0.0070258621126413345,-1.3471955060958862,0.5107118487358093,-0.00010712915536714718,0.02067839354276657,2.0
5.900000095367432,-0.011630687862634659,-0.006318305619060993,-1.3646539449691772,0.5111537575721741,7.429668039549142e-05,0.020677654072642326,2.0
6.0,-0.010215574875473976,-0.005610749125480652,-1.3821258544921875,0.5133256316184998,0.0001558032672619447,0.02068997360765934,2.0
6.099999904632568,-0.013291655108332634,-0.006139765027910471,-1.3996366262435913,0.5168333649635315,0.0002236529835499823,0.02070833370089531,2.0
6.199999809265137,-0.016367735341191292,-0.007306599989533424,-1.4173862934112549,0.5244271755218506,0.00038325577042996883,0.020737677812576294,2.0
6.300000190734863,-0.01944381557404995,-0.008708079345524311,-1.4355517625808716,0.5388813614845276,0.0006568293320015073,0.020788678899407387,2.0
6.400000095367432,-0.022519895806908607,-0.010195881128311157,-1.4542872905731201,0.562544047832489,0.0010362055618315935,0.020872458815574646,2.0
6.5,-0.025595976039767265,-0.011715439148247242,-1.4737248420715332,0.5972000956535339,0.001502707484178245,0.02099870704114437,2.0
6.599999904632568,-0.028672056272625923,-0.013246679678559303,-1.4939740896224976,0.6440573930740356,0.0020348208490759134,0.021175069734454155,2.0
6.699999809265137,-0.03174813464283943,-0.01478221733123064,-1.5151231288909912,0.7037836313247681,0.0026112899649888277,0.021407032385468483,2.0
6.800000190734863,-0.03482421487569809,-0.016319338232278824,-1.5372395515441895,0.776564359664917,0.0032124475110322237,0.021698033437132835,2.0
6.900000095367432,-0.03790029510855675,-0.017857039347290993,-1.560372233390808,0.8621713519096375,0.0038208202458918095,0.022049644961953163,2.0
7.0,-0.040976375341415405,-0.019394954666495323,-1.5845530033111572,0.960033118724823,0.004421403165906668,0.022461820393800735,2.0
7.099999904632568,-0.04405245557427406,-0.02093294821679592,-1.6097990274429321,1.0693057775497437,0.005001752637326717,0.02293313294649124,2.0
7.199999809265137,-0.04712853580713272,-0.022470971569418907,-1.6361145973205566,1.1889400482177734,0.005551967769861221,0.023461047559976578,2.0
7.300000190734863,-0.05020461603999138,-0.02400900609791279,-1.6634936332702637,1.317745566368103,0.0060645900666713715,0.02404215559363365,2.0
7.400000095367432,-0.05328069627285004,-0.025547044351696968,-1.6919219493865967,1.4544482231140137,0.0065344395115971565,0.02467241883277893,2.0
7.5,-0.056356776505708694,-0.027085082605481148,-1.7213785648345947,1.5977401733398438,0.006958415266126394,0.02534739300608635,2.0
7.599999904632568,-0.05943285673856735,-0.028623122721910477,-1.7518389225006104,1.7463254928588867,0.00733525725081563,0.026062410324811935,2.0
7.699999809265137,-0.06250893324613571,-0.030161160975694656,-1.7832752466201782,1.8989554643630981,0.007665296550840139,0.02681276574730873,2.0
7.800000190734863,-0.06558501720428467,-0.031699202954769135,-1.8156596422195435,2.0544588565826416,0.007950195111334324,0.02759384736418724,2.0
7.900000095367432,-0.06866109371185303,-0.033237241208553314,-1.8489636182785034,2.2117645740509033,0.00819268636405468,0.028401272371411324,2.0
8.0,-0.07173717767000198,-0.03477528318762779,-1.883160948753357,2.369917154312134,0.008396325632929802,0.02923097461462021,2.0
8.100000381469727,-0.061712849885225296,-0.032706353813409805,-1.9178638458251953,2.5230345726013184,0.008346056565642357,0.030072186142206192,2.0
8.199999809265137,-0.05168852210044861,-0.02877696044743061,-1.9522017240524292,2.657201051712036,0.007773940917104483,0.030883071944117546,2.0
8.300000190734863,-0.04166419431567192,-0.024163132533431053,-1.9854031801223755,2.7595648765563965,0.006656034383922815,0.031609129160642624,2.0
8.399999618530273,-0.03163987025618553,-0.019297512248158455,-2.016796827316284,2.8196158409118652,0.005056936759501696,0.03219861537218094,2.0
8.5,-0.021615542471408844,-0.014339258894324303,-2.0458121299743652,2.829519271850586,0.003070616628974676,0.032607994973659515,2.0
8.600000381469727,-0.011591214686632156,-0.00934692844748497,-2.0719780921936035,2.7840733528137207,0.0007970615988597274,0.032803550362586975,2.0
8.699999809265137,-0.001566887367516756,-0.004342061001807451,-2.0949203968048096,2.68050217628479,-0.0016674997750669718,0.032761428505182266,2.0
8.800000190734863,0.008457439951598644,0.0006674185278825462,-2.1143555641174316,2.5181756019592285,-0.004235020838677883,0.032467007637023926,2.0
8.899999618530273,0.018481766805052757,0.0056785945780575275,-2.13008451461792,2.298299551010132,-0.00682775629684329,0.03191397339105606,2.0
9.0,0.028506094589829445,0.010690394788980484,-2.1419830322265625,2.023592233657837,-0.009379243478178978,0.03110322542488575,2.0
9.100000381469727,0.03853042051196098,0.015702424570918083,-2.1499931812286377,1.6979681253433228,-0.011834606528282166,0.03004172444343567,2.0
9.199999809265137,0.04855474829673767,0.020714540034532547,-2.1541128158569336,1.326234221458435,-0.014150407165288925,0.028741346672177315,2.0
9.300000190734863,0.05857907608151436,0.0257266853004694,-2.154385805130005,0.913806676864624,-0.016294145956635475,0.027217764407396317,2.0
9.399999618530273,0.06860340386629105,0.030738841742277145,-2.150892972946167,0.4664544463157654,-0.018243514001369476,0.025489384308457375,2.0
9.5,0.07862772792577744,0.03575100377202034,-2.1437413692474365,-0.009926930069923401,-0.019985457882285118,0.023576363921165466,2.0
9.600000381469727,0.08865205943584442,0.040763165801763535,-2.133056640625,-0.5095107555389404,-0.02151511050760746,0.02149975672364235,2.0
9.699999809265137,0.09867638349533081,0.04577532783150673,-2.1189754009246826,-1.0267009735107422,-0.022834645584225655,0.019280733540654182,2.0
9.800000190734863,0.1087007075548172,0.050787489861249924,-2.1016368865966797,-1.5562620162963867,-0.023952119052410126,0.016939949244260788,2.0
9.899999618530273,0.11872503906488419,0.05579965561628342,-2.081178903579712,-2.0934178829193115,-0.024880291894078255,0.014497004449367523,2.0
10.0,0.12874937057495117,0.06081182137131691,-2.057731866836548,-2.6339216232299805,-0.02563551627099514,0.011970038525760174,2.0
10.100000381469727,0.11802191287279129,0.060110341757535934,-2.0319905281066895,-3.1660923957824707,-0.025889459997415543,0.009386635385453701,2.0
10.199999809265137,0.10729445517063141,0.05646178498864174,-2.005405902862549,-3.6659095287323,-0.025231022387742996,0.0068223136477172375,2.0
10.300000190734863,0.09656700491905212,0.05172904208302498,-1.9792606830596924,-4.111419200897217,-0.02363603562116623,0.004371299408376217,2.0
10.399999618530273,0.08583955466747284,0.046597447246313095,-1.9546680450439453,-4.484745502471924,-0.021220557391643524,0.002122064819559455,2.0
10.5,0.07511209696531296,0.041319116950035095,-1.9325697422027588,-4.772599220275879,-0.018146725371479988,0.00014872290194034576,2.0
10.600000381469727,0.06438464671373367,0.03598680719733238,-1.9137380123138428,-4.96618127822876,-0.014585446566343307,-0.001491451170295477,2.0
10.699999809265137,0.05365719273686409,0.030634639784693718,-1.8987809419631958,-5.060820579528809,-0.01070066075772047,-0.0027580070309340954,2.0
10.800000190734863,0.04292973875999451,0.02527516521513462,-1.8881514072418213,-5.05549430847168,-0.006642148829996586,-0.0036262194626033306,2.0
10.899999618530273,0.032202284783124924,0.019913002848625183,-1.8821605443954468,-4.952297687530518,-0.0025420545134693384,-0.004085478838533163,2.0
11.0,0.02147483266890049,0.014549851417541504,-1.8809908628463745,-4.755895137786865,0.0014867237769067287,-0.004137435927987099,2.0
11.100000381469727,0.010747379623353481,0.009186336770653725,-1.8847129344940186,-4.472980499267578,0.005351030733436346,-0.003794044256210327,2.0
11.199999809265137,1.9926041204598732e-05,0.0038226875476539135,-1.8933024406433105,-4.111759185791016,0.008977177552878857,-0.003075595246627927,2.0
11.300000190734863,-0.01070752739906311,-0.0015410104533657432,-1.9066566228866577,-3.6814675331115723,0.012310092337429523,-0.0020088087767362595,2.0
11.399999618530273,-0.021434979513287544,-0.006904726382344961,-1.9246116876602173,-3.1919374465942383,0.015312038362026215,-0.0006250329315662384,2.0
11.5,-0.03216243535280228,-0.012268449179828167,-1.9469578266143799,-2.653209924697876,0.017961012199521065,0.0010414111893624067,2.0
11.600000381469727,-0.04288988560438156,-0.017632173374295235,-1.9734545946121216,-2.075204610824585,0.02024892158806324,0.002954714000225067,2.0
11.699999809265137,-0.053617339581251144,-0.022995900362730026,-2.0038440227508545,-1.467445731163025,0.02217964269220829,0.005078871268779039,2.0
11.800000190734863,-0.06434479355812073,-0.028359627351164818,-2.0378615856170654,-0.8388397097587585,0.023767029866576195,0.007378783077001572,2.0
11.899999618530273,-0.07507224380970001,-0.03372335433959961,-2.0752480030059814,-0.19750887155532837,0.025032924488186836,0.009821147657930851,2.0
12.0,-0.0857997015118599,-0.03908707946538925,-2.115755796432495,0.44932663440704346,0.02600526250898838,0.012375172227621078,2.0
12.100000381469727,-0.0850776880979538,-0.04129839316010475,-2.158839225769043,1.091004729270935,0.026524700224399567,0.015006893314421177,2.0
12.199999809265137,-0.0843556672334671,-0.04188370332121849,-2.2035515308380127,1.7107354402542114,0.026388030499219894,0.017658179625868797,2.0
12.300000190734863,-0.083633653819561,-0.041870832443237305,-2.2490580081939697,2.2935473918914795,0.025606343522667885,0.02026299573481083,2.0
12.399999618530273,-0.08291164040565491,-0.04163790121674538,-2.29463791847229,2.8273768424987793,0.02426805905997753,0.022760918363928795,2.0
12.5,-0.08218961954116821,-0.041324008256196976,-2.3396854400634766,3.303309917449951,0.022486265748739243,0.025101855397224426,2.0
12.600000381469727,-0.08146760612726212,-0.04098033532500267,-2.3837099075317383,3.71547794342041,0.020377546548843384,0.027247309684753418,2.0
12.699999809265137,-0.08074559271335602,-0.04062570631504059,-2.426330089569092,4.060799598693848,0.018052857369184494,0.029170207679271698,2.0
12.800000190734863,-0.08002357929944992,-0.04026704281568527,-2.4672698974609375,4.338652610778809,0.01561321597546339,0.03085409291088581,2.0
12.899999618530273,-0.07930155843496323,-0.03990689665079117,-2.5063488483428955,4.550508499145508,0.013147590681910515,0.03229202702641487,2.0
13.0,-0.07857954502105713,-0.03954620659351349,-2.5434727668762207,4.69956636428833,0.01073188241571188,0.03348531574010849,2.0
13.100000381469727,-0.07785753160715103,-0.03918531909584999,-2.578622579574585,4.7903852462768555,0.00842864066362381,0.034442197531461716,2.0
13.199999809265137,-0.07713551819324493,-0.038824353367090225,-2.6118431091308594,4.828535556793213,0.006287268828600645,0.035176485776901245,2.0
13.300000190734863,-0.07641349732875824,-0.03846336156129837,-2.6432316303253174,4.820276260375977,0.004344610031694174,0.03570631891489029,2.0
13.399999618530273,-0.07569148391485214,-0.03810235857963562,-2.672926187515259,4.7722578048706055,0.0026258244179189205,0.03605290874838829,2.0
13.5,-0.07496947050094604,-0.03774135187268257,-2.7010958194732666,4.691267967224121,0.0011454769410192966,0.036239463835954666,2.0
13.600000381469727,-0.07424745708703995,-0.03738034889101982,-2.7279293537139893,4.584005355834961,-9.123174822889268e-05,0.036290161311626434,2.0
13.699999809265137,-0.07352543622255325,-0.037019338458776474,-2.7536275386810303,4.456894874572754,-0.0010871489066630602,0.03622927889227867,2.0
13.800000190734863,-0.07280342280864716,-0.036658331751823425,-2.778394937515259,4.315942764282227,-0.001851819222792983,0.03608046844601631,2.0
13.899999618530273,-0.07208140939474106,-0.03629732504487038,-2.8024325370788574,4.16662073135376,-0.00240015028975904,0.035866156220436096,2.0
14.0,-0.07135939598083496,-0.03593631833791733,-2.825932741165161,4.013790130615234,-0.002751127118244767,0.035607051104307175,2.0
14.100000381469727,-0.06369422376155853,-0.03366363048553467,-2.8488829135894775,3.858973979949951,-0.0030427847523242235,0.03531805798411369,2.0
14.199999809265137,-0.056029062718153,-0.030404914170503616,-2.870995044708252,3.69868803024292,-0.00344315473921597,0.03499510511755943,2.0
14.300000190734863,-0.04836389422416687,-0.026783445850014687,-2.89201283454895,3.529263973236084,-0.003991841338574886,0.03462475538253784,2.0
14.399999618530273,-0.04069872945547104,-0.023028530180454254,-2.9117119312286377,3.347550868988037,-0.004681471269577742,0.03419232740998268,2.0
14.5,-0.03303356468677521,-0.019224518910050392,-2.9298975467681885,3.151134729385376,-0.005488269031047821,0.03368484601378441,2.0
14.600000381469727,-0.025368396192789078,-0.015402447432279587,-2.946404457092285,2.938370704650879,-0.006383787840604782,0.03309200704097748,2.0
14.699999809265137,-0.017703231424093246,-0.011573731899261475,-2.961097478866577,2.7083380222320557,-0.007339597214013338,0.03240637108683586,2.0
14.800000190734863,-0.010038064792752266,-0.0077425711788237095,-2.973867893218994,2.460765838623047,-0.008329269476234913,0.03162325173616409,2.0
14.899999618530273,-0.0023728988599032164,-0.003910511266440153,-2.984632968902588,2.1959409713745117,-0.009329267777502537,0.030740465968847275,2.0
15.0,0.005292267072945833,-7.812086550984532e-05,-2.9933321475982666,1.914613962173462,-0.010319343768060207,0.029758023098111153,2.0
15.100000381469727,0.012957433238625526,0.003754391334950924,-2.9999260902404785,1.6179044246673584,-0.011282682418823242,0.02867778390645981,2.0
15.199999809265137,0.020622599869966507,0.007586948573589325,-3.0043914318084717,1.307210087776184,-0.012205878272652626,0.02750311978161335,2.0
15.300000190734863,0.028287764638662338,0.011419521644711494,-3.0067193508148193,0.9841208457946777,-0.01307880599051714,0.02623857744038105,2.0
15.399999618530273,0.03595293313264847,0.015252101235091686,-3.006913423538208,0.6503424048423767,-0.013894408009946346,0.024889566004276276,2.0
15.5,0.0436180979013443,0.019084682688117027,-3.004984140396118,0.3076266944408417,-0.01464842353016138,0.023462045937776566,2.0
15.600000381469727,0.05128326267004013,0.022917265072464943,-3.0009491443634033,-0.04228705167770386,-0.015339073725044727,0.021962285041809082,2.0
15.699999809265137,0.05894843116402626,0.026749849319458008,-2.994828224182129,-0.3977220058441162,-0.01596672274172306,0.020396623760461807,2.0
15.800000190734863,0.0666135922074318,0.030582429841160774,-2.9866437911987305,-0.7571038007736206,-0.016533540561795235,0.018771260976791382,2.0
15.899999618530273,0.07427876442670822,0.03441501408815384,-2.976417303085327,-1.1189912557601929,-0.017043141648173332,0.017092112451791763,2.0
16.0,0.08194392919540405,0.038247596472501755,-2.9641685485839844,-1.4820982217788696,-0.017500251531600952,0.015364672057330608,2.0
16.100000381469727,0.07059226185083389,0.036844223737716675,-2.950441598892212,-1.8379719257354736,-0.017592204734683037,0.013604196719825268,2.0
16.200000762939453,0.059240590780973434,0.032740164548158646,-2.9364829063415527,-2.1664838790893555,-0.016929537057876587,0.011871102266013622,2.0
16.299999237060547,0.047888923436403275,0.027642564848065376,-2.9233946800231934,-2.449035406112671,-0.015476963482797146,0.010244241915643215,2.0
16.399999618530273,0.036537256091833115,0.022179454565048218,-2.9121339321136475,-2.670412540435791,-0.013327736407518387,0.008798513561487198,2.0
16.5,0.025185590609908104,0.016581878066062927,-2.903512477874756,-2.819272994995117,-0.010617760941386223,0.007596950978040695,2.0
16.600000381469727,0.01383392233401537,0.01093483529984951,-2.898198366165161,-2.888084650039673,-0.007491711061447859,0.006688388995826244,2.0
16.700000762939453,0.0024822549894452095,0.0052695926278829575,-2.896719217300415,-2.8728256225585938,-0.004088845569640398,0.006107390858232975,2.0
16.799999237060547,-0.00886941235512495,-0.0004023447399958968,-2.8994712829589844,-2.772580623626709,-0.0005365939578041434,0.0058751520700752735,2.0
16.899999618530273,-0.020221080631017685,-0.006076745223253965,-2.906728982925415,-2.5890910625457764,0.0030525189358741045,0.00600085174664855,2.0
17.0,-0.031572747975587845,-0.011752051301300526,-2.91865873336792,-2.326288938522339,0.006582291331142187,0.006483227945864201,2.0
17.100000381469727,-0.042924415320158005,-0.01742769218981266,-2.9353301525115967,-1.989837646484375,0.00997329130768776,0.007312234491109848,2.0
17.200000762939453,-0.054276082664728165,-0.02310345321893692,-2.956732988357544,-1.5866925716400146,0.013162634335458279,0.008470715954899788,2.0
17.299999237060547,-0.06562774628400803,-0.02877926081418991,-2.9827895164489746,-1.1246910095214844,0.016103273257613182,0.009936025366187096,2.0
17.399999618530273,-0.07697941362857819,-0.034455083310604095,-3.0133700370788574,-0.6121818423271179,0.01876290701329708,0.011681558564305305,2.0
17.5,-0.08833108842372894,-0.040130916982889175,-3.0483055114746094,-0.05769697576761246,0.021122634410858154,0.013678167015314102,2.0
17.600000381469727,-0.0996827557682991,-0.045806750655174255,-3.0874006748199463,0.5303303599357605,0.023175394162535667,0.015895413234829903,2.0
17.700000762939453,-0.11103442311286926,-0.051482584327459335,-3.1304447650909424,1.1438004970550537,0.024924330413341522,0.01830267906188965,2.0
17.799999237060547,-0.12238609045743942,-0.057158417999744415,-3.177222490310669,1.7751357555389404,0.026381084695458412,0.02087010256946087,2.0
17.899999618530273,-0.13373775780200958,-0.0628342479467392,-3.2275209426879883,2.417422294616699,0.027564125135540962,0.023569338023662567,2.0
18.0,-0.14508941769599915,-0.06851007789373398,-3.2811381816864014,3.064512252807617,0.028497109189629555,0.02637415938079357,2.0
18.100000381469727,-0.1450246125459671,-0.07104258239269257,-3.337571620941162,3.7066807746887207,0.029016360640525818,0.02925473265349865,2.0
18.200000762939453,-0.14495979249477386,-0.07195377349853516,-3.39591646194458,4.327944278717041,0.028914080932736397,0.032156627625226974,2.0
18.299999237060547,-0.14489498734474182,-0.07226850092411041,-3.455373764038086,4.9139862060546875,0.028195995837450027,0.035016998648643494,2.0
18.399999618530273,-0.14483016729354858,-0.07236379384994507,-3.515254259109497,5.453245639801025,0.02694496512413025,0.037778060883283615,2.0
18.5,-0.14476534724235535,-0.07237836718559265,-3.574978828430176,5.937168121337891,0.025268610566854477,0.040391817688941956,2.0
18.600000381469727,-0.1447005420923233,-0.07236324995756149,-3.634078025817871,6.36011266708374,0.023278359323740005,0.04282132536172867,2.0
18.700000762939453,-0.14463572204113007,-0.07233719527721405,-3.692188262939453,6.719107627868652,0.02108040638267994,0.04504057392477989,2.0
18.799999237060547,-0.14457091689109802,-0.07230713218450546,-3.7490458488464355,7.013538360595703,0.018771518021821976,0.04703372344374657,2.0
18.899999618530273,-0.14450609683990479,-0.07227558642625809,-3.8044791221618652,7.2447967529296875,0.016436945647001266,0.048794034868478775,2.0
19.0,-0.14444127678871155,-0.07224348932504654,-3.858398914337158,7.415932655334473,0.014149448834359646,0.05032268911600113,2.0
19.100000381469727,-0.1443764716386795,-0.07221120595932007,-3.910787582397461,7.531299114227295,0.011969013139605522,0.0516275018453598,2.0
19.200000762939453,-0.14431165158748627,-0.07217884063720703,-3.9616894721984863,7.59622049331665,0.009943031705915928,0.052721649408340454,2.0
19.299999237060547,-0.14424684643745422,-0.0721464455127716,-4.0111985206604,7.616682529449463,0.008106877095997334,0.053622446954250336,2.0
19.399999618530273,-0.144182026386261,-0.07211405038833618,-4.059448719024658,7.599050045013428,0.006484725512564182,0.054350171238183975,2.0
19.5,-0.14411722123622894,-0.07208164036273956,-4.106602668762207,7.549818992614746,0.005090601742267609,0.054927002638578415,2.0
19.600000381469727,-0.1440524011850357,-0.07204923778772354,-4.152842044830322,7.47540283203125,0.003929560072720051,0.055376067757606506,2.0
19.700000762939453,-0.14398758113384247,-0.07201682776212692,-4.198361396789551,7.381954193115234,0.002998937852680683,0.055720601230859756,2.0
19.799999237060547,-0.14392277598381042,-0.0719844251871109,-4.2433576583862305,7.275225639343262,0.0022896507289260626,0.05598323792219162,2.0
19.899999618530273,-0.1438579559326172,-0.07195201516151428,-4.288025379180908,7.160459995269775,0.0017874701879918575,0.056185439229011536,2.0
20.0,-0.14379315078258514,-0.07191961258649826,-4.332550048828125,7.04231595993042,0.001474254415370524,0.05634703487157822,2.0
20.100000381469727,-0.14336353540420532,-0.07178676128387451,-4.37709379196167,6.924679756164551,0.0013229964533820748,0.056485701352357864,2.0
20.200000762939453,-0.1429339200258255,-0.07160210609436035,-4.4217915534973145,6.8105597496032715,0.0013035002630203962,0.05661604553461075,2.0
20.299999237060547,-0.14250430464744568,-0.07139839231967926,-4.466762065887451,6.702340126037598,0.0013915905728936195,0.05675000324845314,2.0
20.399999618530273,-0.14207468926906586,-0.07118766754865646,-4.512105464935303,6.601839542388916,0.0015656055184081197,0.05689724162220955,2.0
20.5,-0.14164507389068604,-0.07097435742616653,-4.557906627655029,6.510354995727539,0.0018054357497021556,0.05706533417105675,2.0
20.600000381469727,-0.1412154734134674,-0.07076010853052139,-4.6042327880859375,6.4287109375,0.002092434326186776,0.05725992098450661,2.0
20.700000762939453,-0.14078585803508759,-0.0705455020070076,-4.651133060455322,6.357309818267822,0.002409575739875436,0.05748484656214714,2.0
20.799999237060547,-0.14035624265670776,-0.07033076882362366,-4.698642730712891,6.296187400817871,0.0027416469529271126,0.05774234980344772,2.0
20.899999618530273,-0.13992662727832794,-0.07011599093675613,-4.746781349182129,6.24506950378418,0.003075391286984086,0.05803324654698372,2.0
21.0,-0.13949701189994812,-0.06990119814872742,-4.795556545257568,6.203427314758301,0.0033995865378528833,0.058357123285532,2.0
21.100000381469727,-0.1390673965215683,-0.0696863904595375,-4.844964981079102,6.170535564422607,0.003705056384205818,0.05871254950761795,2.0
21.200000762939453,-0.13863779604434967,-0.06947159022092819,-4.894992351531982,6.1455230712890625,0.003984619397670031,0.0590972825884819,2.0
21.299999237060547,-0.13820818066596985,-0.06925678253173828,-4.945618152618408,6.127423286437988,0.004232988227158785,0.05950845032930374,2.0
21.399999618530273,-0.13777856528759003,-0.06904197484254837,-4.9968156814575195,6.115216255187988,0.004446627572178841,0.059942737221717834,2.0
21.5,-0.1373489499092102,-0.06882716715335846,-5.048553943634033,6.1078667640686035,0.0046235849149525166,0.06039656698703766,2.0
21.600000381469727,-0.13691933453083038,-0.06861235946416855,-5.1007981300354,6.1043596267700195,0.004763301461935043,0.060866229236125946,2.0
21.700000762939453,-0.13648971915245056,-0.06839755177497864,-5.153513431549072,6.103726863861084,0.004866407252848148,0.061348021030426025,2.0
21.799999237060547,-0.13606011867523193,-0.06818275153636932,-5.206663131713867,6.10506534576416,0.004934517201036215,0.06183835491538048,2.0
21.899999618530273,-0.1356305032968521,-0.06796794384717941,-5.26021146774292,6.107557773590088,0.004970027133822441,0.0623338483273983,2.0
22.0,-0.1352008879184723,-0.0677531361579895,-5.314125061035156,6.110480308532715,0.004975919146090746,0.06283138692378998,2.0
22.100000381469727,-0.13404181599617004,-0.06733749061822891,-5.368351936340332,6.112929344177246,0.004943379200994968,0.06332778185606003,2.0
22.200000762939453,-0.1328827440738678,-0.0668182447552681,-5.422815322875977,6.113650321960449,0.004860870074480772,0.06381843239068985,2.0
22.299999237060547,-0.13172367215156555,-0.06626088917255402,-5.477447032928467,6.111544132232666,0.00473052728921175,0.06429839134216309,2.0
22.399999618530273,-0.1305646002292633,-0.06568951159715652,-5.532187461853027,6.105733871459961,0.004559386055916548,0.06476321816444397,2.0
22.5,-0.12940552830696106,-0.06511297821998596,-5.586985111236572,6.095577239990234,0.0043559898622334,0.06520923972129822,2.0
22.600000381469727,-0.1282464563846588,-0.06453454494476318,-5.64179801940918,6.080657482147217,0.004129013977944851,0.06563366949558258,2.0
22.700000762939453,-0.12708739936351776,-0.06395541876554489,-5.696591377258301,6.060763835906982,0.0038866563700139523,0.06603457033634186,2.0
22.799999237060547,-0.12592832744121552,-0.0633760318160057,-5.751337051391602,6.03586483001709,0.003636353649199009,0.06641077995300293,2.0
22.899999618530273,-0.12476925551891327,-0.06279655545949936,-5.80601692199707,6.006083011627197,0.0033846325241029263,0.06676182895898819,2.0
23.0,-0.12361018359661102,-0.06221703812479973,-5.860617160797119,5.971665382385254,0.003137045307084918,0.06708787381649017,2.0
23.100000381469727,-0.12245111167430878,-0.0616375096142292,-5.915129661560059,5.932959079742432,0.002898151520639658,0.06738957017660141,2.0
23.200000762939453,-0.12129203975200653,-0.06105797737836838,-5.9695515632629395,5.890384197235107,0.0026715360581874847,0.06766796112060547,2.0
23.299999237060547,-0.12013296782970428,-0.060478441417217255,-6.02388334274292,5.84440803527832,0.002459855517372489,0.06792442500591278,2.0
23.399999618530273,-0.11897390335798264,-0.05989890918135643,-6.078128814697266,5.795526504516602,0.002264906419441104,0.0681605413556099,2.0
23.5,-0.11781483143568039,-0.05931937322020531,-6.132293224334717,5.74424409866333,0.002087704371660948,0.06837804615497589,2.0
23.600000381469727,-0.11665575951337814,-0.058739837259054184,-6.186384201049805,5.691056251525879,0.0019285788293927908,0.06857873499393463,2.0
23.700000762939453,-0.1154966875910759,-0.05816030129790306,-6.240410327911377,5.636438369750977,0.001787269371561706,0.06876440346240997,2.0
23.799999237060547,-0.11433761566877365,-0.05758076533675194,-6.294379711151123,5.5808329582214355,0.0016630279133096337,0.0689368024468422,2.0
23.899999618530273,-0.113178551197052,-0.05700123310089111,-6.348300457000732,5.524642467498779,0.0015547163784503937,0.06909758597612381,2.0
24.0,-0.11201947927474976,-0.05642169713973999,-6.402179718017578,5.4682230949401855,0.0014609029749408364,0.069248266518116,2.0
24.100000381469727,-0.10400401800870895,-0.05395437404513359,-6.455833911895752,5.409236907958984,0.0012652252335101366,0.06938652694225311,2.0
24.200000762939453,-0.09598856419324875,-0.050513338297605515,-6.508822917938232,5.341023921966553,0.0008233263506554067,0.0694933533668518,2.0
24.299999237060547,-0.08797310292720795,-0.04671408608555794,-6.560757160186768,5.257360458374023,0.00011840145452879369,0.06954271346330643,2.0
24.399999618530273,-0.07995764911174774,-0.04278305545449257,-6.611294269561768,5.153133392333984,-0.0008200088632293046,0.06950955837965012,2.0
24.5,-0.07194218784570694,-0.03880354017019272,-6.660141944885254,5.02452278137207,-0.0019468648824840784,0.0693727359175682,2.0
24.600000381469727,-0.06392673403024673,-0.03480619192123413,-6.707054138183594,4.868983745574951,-0.0032137446105480194,0.06911583244800568,2.0
24.700000762939453,-0.05591127648949623,-0.030802283436059952,-6.751834869384766,4.685154438018799,-0.0045738802291452885,0.06872720271348953,2.0
24.799999237060547,-0.04789581894874573,-0.02679595910012722,-6.794332027435303,4.472715854644775,-0.005984416697174311,0.06819969415664673,2.0
24.899999618530273,-0.039880361407995224,-0.022788748145103455,-6.834432601928711,4.232245445251465,-0.007407484110444784,0.06753020733594894,2.0
25.0,-0.03186490386724472,-0.018781209364533424,-6.872061252593994,3.9650566577911377,-0.008810688741505146,0.0667191669344902,2.0
25.100000381469727,-0.023849444463849068,-0.014773549512028694,-6.9071760177612305,3.6730473041534424,-0.010167272761464119,0.06576993316411972,2.0
25.200000762939453,-0.015833988785743713,-0.010765846818685532,-6.939760684967041,3.358550548553467,-0.011456038802862167,0.06468828022480011,2.0
25.299999237060547,-0.007818530313670635,-0.006758127361536026,-6.969821929931641,3.0241973400115967,-0.012661117129027843,0.06348182260990143,2.0
25.399999618530273,0.00019692712521646172,-0.002750402083620429,-6.997384548187256,2.6727921962738037,-0.013771597295999527,0.062159519642591476,2.0
25.5,0.008212384767830372,0.0012573254061862826,-7.022486686706543,2.307201385498047,-0.014781076461076736,0.060731180012226105,2.0
25.600000381469727,0.0162278413772583,0.005265053361654282,-7.045175552368164,1.9302589893341064,-0.015687141567468643,0.05920705571770668,2.0
25.700000762939453,0.024243298918008804,0.009272782132029533,-7.065502643585205,1.5446885824203491,-0.016490809619426727,0.05759746581315994,2.0
25.799999237060547,0.03225875645875931,0.013280510902404785,-7.083521366119385,1.1530379056930542,-0.017195962369441986,0.05591248348355293,2.0
25.899999618530273,0.04027421399950981,0.017288239672780037,-7.099285125732422,0.7576321959495544,-0.017808781936764717,0.05416166037321091,2.0
26.0,0.048289671540260315,0.02129596844315529,-7.112844467163086,0.3605395555496216,-0.018337201327085495,0.05235385149717331,2.0
26.100000381469727,0.045625150203704834,0.022363150492310524,-7.124538898468018,-0.03232995420694351,-0.018611690029501915,0.05050281062722206,2.0
26.200000762939453,0.042960625141859055,0.02191360667347908,-7.135098457336426,-0.40869835019111633,-0.018420083448290825,0.04864703118801117,2.0
26.299999237060547,0.040296103805303574,0.020906085148453712,-7.145167350769043,-0.75733482837677,-0.017749343067407608,0.046834688633680344,2.0
26.399999618530273,0.03763158246874809,0.019693290814757347,-7.155302047729492,-1.0690914392471313,-0.016658592969179153,0.04511106759309769,2.0
26.5,0.03496705740690231,0.01840497925877571,-7.16597318649292,-1.3371663093566895,-0.015230701304972172,0.043514106422662735,2.0
26.600000381469727,0.03230253607034683,0.017088886350393295,-7.177563667297363,-1.5570534467697144,-0.013553082011640072,0.042073145508766174,2.0
26.700000762939453,0.029638012871146202,0.01576257310807705,-7.190371990203857,-1.7263599634170532,-0.011709606274962425,0.04080890864133835,2.0
26.799999237060547,0.026973489671945572,0.014432501047849655,-7.204617977142334,-1.8445600271224976,-0.009776914492249489,0.03973408788442612,2.0
26.899999618530273,0.02430896833539009,0.013101045042276382,-7.220448970794678,-1.912723422050476,-0.007822627201676369,0.03885413706302643,2.0
27.0,0.02164444513618946,0.011769079603254795,-7.237945079803467,-1.9332348108291626,-0.005904519930481911,0.03816824406385422,2.0
27.100000381469727,0.01897992193698883,0.01043692696839571,-7.257131576538086,-1.909517765045166,-0.0040702675469219685,0.0376703254878521,2.0
27.200000762939453,0.0163153987377882,0.009104705415666103,-7.27798318862915,-1.8457696437835693,-0.002357586519792676,0.03735002875328064,2.0
27.299999237060547,0.013650876469910145,0.007772458717226982,-7.300436496734619,-1.7467156648635864,-0.0007946656551212072,0.03719370812177658,2.0
27.399999618530273,0.01098635420203209,0.006440203171223402,-7.324395656585693,-1.6173861026763916,0.0005991748184897006,0.03718534857034683,2.0
27.5,0.008321831002831459,0.005107943434268236,-7.349740982055664,-1.462918996810913,0.0018126660725101829,0.03730742260813713,2.0
27.600000381469727,0.005657308269292116,0.0037756829988211393,-7.376338005065918,-1.2883902788162231,0.002841660287231207,0.037541624158620834,2.0
27.700000762939453,0.002992785768583417,0.0024434218648821115,-7.404042720794678,-1.0986735820770264,0.003688134253025055,0.03786956146359444,2.0
27.799999237060547,0.0003282630059402436,0.0011111607309430838,-7.432708263397217,-0.8983267545700073,0.00435916893184185,0.03827330097556114,2.0
27.899999618530273,-0.002336259698495269,-0.00022110063582658768,-7.462189674377441,-0.6915070414543152,0.0048659369349479675,0.03873581811785698,2.0
28.0,-0.005000782664865255,-0.0015533620025962591,-7.492349147796631,-0.48190972208976746,0.005222728475928307,0.03924138471484184,2.0
28.100000381469727,-0.007911371067166328,-0.002953373361378908,-7.523065090179443,-0.27263695001602173,0.005450153723359108,0.03977594152092934,2.0
28.200000762939453,-0.010821959003806114,-0.0043883295729756355,-7.554237365722656,-0.06612217426300049,0.005571192130446434,0.040327753871679306,2.0
28.299999237060547,-0.013732547871768475,-0.005836141761392355,-7.585779190063477,0.13569742441177368,0.005604865029454231,0.04088715463876724,2.0
28.399999618530273,-0.016643136739730835,-0.007288683671504259,-7.617616653442383,0.3313404321670532,0.005568508058786392,0.04144628345966339,2.0
28.5,-0.01955372467637062,-0.008742965757846832,-7.649689674377441,0.5197463035583496,0.005478334613144398,0.04199895262718201,2.0
28.600000381469727,-0.022464312613010406,-0.010197887197136879,-7.681952476501465,0.7002378702163696,0.005349431186914444,0.042540550231933594,2.0
28.700000762939453,-0.025374900549650192,-0.011653044261038303,-7.714372634887695,0.8724805116653442,0.005195596255362034,0.043067898601293564,2.0
28.799999237060547,-0.028285490348935127,-0.013108287937939167,-7.74692964553833,1.0364376306533813,0.005029174033552408,0.043579138815402985,2.0
28.899999618530273,-0.031196078285574913,-0.014563563279807568,-7.779615879058838,1.1923247575759888,0.004860931541770697,0.04407355934381485,2.0
29.0,-0.03410666808485985,-0.016018850728869438,-7.81243371963501,1.3405638933181763,0.00469999248161912,0.04455145448446274,2.0
29.100000381469727,-0.037017256021499634,-0.017474142834544182,-7.845394611358643,1.4817383289337158,0.004553825128823519,0.04501393809914589,2.0
29.200000762939453,-0.03992784395813942,-0.018929436802864075,-7.878517150878906,1.6165496110916138,0.0044282833114266396,0.04546279460191727,2.0
29.299999237060547,-0.042838431894779205,-0.020384730771183968,-7.9118266105651855,1.7457787990570068,0.004327687434852123,0.04590031877160072,2.0
29.399999618530273,-0.04574901983141899,-0.02184002473950386,-7.945352077484131,1.8702505826950073,0.004254933446645737,0.046329155564308167,2.0
29.5,-0.04865960776805878,-0.023295316845178604,-7.979127407073975,1.9908016920089722,0.0042116339318454266,0.04675218090415001,2.0
29.600000381469727,-0.05157019570469856,-0.024750610813498497,-8.013189315795898,2.108254909515381,0.004198270849883556,0.04717237502336502,2.0
29.700000762939453,-0.05448078364133835,-0.02620590478181839,-8.04757308959961,2.223395824432373,0.0042143589816987514,0.047592710703611374,2.0
29.799999237060547,-0.05739137530326843,-0.027661200612783432,-8.082316398620605,2.336956024169922,0.0042586117051541805,0.04801607504487038,2.0
29.899999618530273,-0.06030196323990822,-0.029116494581103325,-8.11745834350586,2.4496004581451416,0.004329104442149401,0.0484451949596405,2.0
30.0,-0.063212551176548,-0.030571788549423218,-8.153031349182129,2.5619168281555176,0.004423434380441904,0.04888257756829262,2.0
30.100000381469727,-0.05351201444864273,-0.028554828837513924,-8.188720703125,2.669546604156494,0.004327848087996244,0.04932365566492081,2.0
30.200000762939453,-0.04381147772073746,-0.024746892973780632,-8.223740577697754,2.760188579559326,0.003777130274102092,0.049733247607946396,2.0
30.299999237060547,-0.034110940992832184,-0.020280081778764725,-8.257394790649414,2.8223555088043213,0.0027406932786107063,0.050063230097293854,2.0
30.399999618530273,-0.02441040426492691,-0.015570882707834244,-8.289074897766113,2.8466110229492188,0.0012731945607811213,0.050267383456230164,2.0
30.5,-0.014709867537021637,-0.01077251136302948,-8.318265914916992,2.825904369354248,-0.0005422058748081326,0.05030664801597595,2.0
30.600000381469727,-0.0050093308091163635,-0.005941335577517748,-8.344541549682617,2.755542516708374,-0.002616141689941287,0.05015069991350174,2.0
30.700000762939453,0.00469120591878891,-0.001098090666346252,-8.367562294006348,2.6330106258392334,-0.004862315487116575,0.049778051674366,2.0
30.799999237060547,0.014391742646694183,0.0037495936267077923,-8.387070655822754,2.4577226638793945,-0.007201651111245155,0.049175508320331573,2.0
30.899999618530273,0.024092279374599457,0.008598911575973034,-8.402884483337402,2.2307422161102295,-0.009564272128045559,0.04833732545375824,2.0
31.0,0.03379281610250473,0.013448829762637615,-8.414887428283691,1.9544944763183594,-0.01189041044563055,0.04726425185799599,2.0
31.100000381469727,0.043493352830410004,0.01829897053539753,-8.423026084899902,1.6324819326400757,-0.014130692929029465,0.045962486416101456,2.0
31.200000762939453,0.05319388955831528,0.023149190470576286,-8.427294731140137,1.2690106630325317,-0.01624600775539875,0.04444265365600586,2.0
31.299999237060547,0.06289442628622055,0.02799944207072258,-8.427730560302734,0.8689365983009338,-0.01820707693696022,0.0427188016474247,2.0
31.399999618530273,0.07259496301412582,0.03284970298409462,-8.42440128326416,0.4374348521232605,-0.019993770867586136,0.04080742970108986,2.0
31.5,0.0822954997420311,0.037699971348047256,-8.417401313781738,-0.02020367980003357,-0.021594282239675522,0.03872663155198097,2.0
31.600000381469727,0.09199603646993637,0.042550235986709595,-8.406842231750488,-0.4987478256225586,-0.02300415374338627,0.03649529814720154,2.0
31.700000762939453,0.10169657319784164,0.04740050435066223,-8.392842292785645,-0.9931719303131104,-0.024225272238254547,0.0341324582695961,2.0
31.799999237060547,0.11139710992574692,0.05225077271461487,-8.375523567199707,-1.4987727403640747,-0.025264807045459747,0.031656663864851,2.0
31.899999618530273,0.12109764665365219,0.057101041078567505,-8.355010032653809,-2.011258363723755,-0.026134170591831207,0.029085539281368256,2.0
32.0,0.13079817593097687,0.06195130944252014,-8.331414222717285,-2.526811122894287,-0.026848003268241882,0.026435384526848793,2.0
32.099998474121094,0.12622497975826263,0.062871553003788,-8.30523681640625,-3.0366199016571045,-0.02718440815806389,0.023728640750050545,2.0
32.20000076293945,0.121651791036129,0.06176470220088959,-8.277496337890625,-3.5235097408294678,-0.026864895597100258,0.021020304411649704,2.0
32.29999923706055,0.11707858741283417,0.05991211533546448,-8.249090194702148,-3.971850872039795,-0.02587728761136532,0.018377799540758133,2.0
32.400001525878906,0.11250539124011993,0.05778518319129944,-8.22079849243164,-4.368938446044922,-0.024305853992700577,0.015864146873354912,2.0
32.5,0.1079321950674057,0.05555732548236847,-8.193279266357422,-4.705336570739746,-0.022266434505581856,0.013532052747905254,2.0
32.599998474121094,0.10335899889469147,0.05329233780503273,-8.167065620422363,-4.974801540374756,-0.019880665466189384,0.01142222248017788,2.0
32.70000076293945,0.09878580272197723,0.05101368948817253,-8.142580032348633,-5.174020767211914,-0.017265066504478455,0.009563394822180271,2.0
32.79999923706055,0.094212606549263,0.04873001575469971,-8.120131492614746,-5.302276611328125,-0.014526037499308586,0.007973136380314827,2.0
32.900001525878906,0.08963941037654877,0.04644449055194855,-8.099928855895996,-5.361063480377197,-0.011757425963878632,0.006658985745161772,2.0
33.0,0.08506621420383453,0.044158291071653366,-8.0820894241333,-5.353700637817383,-0.009039397351443768,0.005619775969535112,2.0
33.099998474121094,0.0804930180311203,0.04187183827161789,-8.06665325164795,-5.284946918487549,-0.006438087206333876,0.0048470264300704,2.0
33.20000076293945,0.07591982185840607,0.03958529233932495,-8.053590774536133,-5.160635471343994,-0.004005802795290947,0.004326336085796356,2.0
33.29999923706055,0.07134661823511124,0.03729871287941933,-8.042815208435059,-4.987330436706543,-0.0017816268373280764,0.004038741812109947,2.0
33.400001525878906,0.066773422062397,0.03501212224364281,-8.034201622009277,-4.772016525268555,0.00020766889792867005,0.003961995709687471,2.0
33.5,0.06220022588968277,0.03272552415728569,-8.027588844299316,-4.521827697753906,0.0019464849028736353,0.004071741830557585,2.0
33.599998474121094,0.057627029716968536,0.030438927933573723,-8.022793769836426,-4.243812561035156,0.0034291031770408154,0.004342569503933191,2.0
33.70000076293945,0.0530538335442543,0.028152329847216606,-8.019623756408691,-3.944735527038574,0.004658305086195469,0.004748933482915163,2.0
33.79999923706055,0.04848063737154007,0.02586573176085949,-8.017877578735352,-3.6309237480163574,0.005643952172249556,0.005265931598842144,2.0
33.900001525878906,0.043907441198825836,0.023579133674502373,-8.017361640930176,-3.308145523071289,0.006401580758392811,0.005869944579899311,2.0
34.0,0.039334241300821304,0.021292535588145256,-8.017889022827148,-2.9815292358398438,0.006951048970222473,0.006539132446050644,2.0
34.099998474121094,0.039134565740823746,0.020210109651088715,-8.0191650390625,-2.6571974754333496,0.007242090068757534,0.007251440547406673,2.0
34.20000076293945,0.03893488645553589,0.019748790189623833,-8.020750999450684,-2.3432822227478027,0.007208553608506918,0.007976689375936985,2.0
34.29999923706055,0.03873521089553833,0.01951596885919571,-8.022257804870605,-2.046891689300537,0.006866543088108301,0.008682849816977978,2.0
34.400001525878906,0.03853553533554077,0.01936720870435238,-8.023351669311523,-1.7737046480178833,0.006261684000492096,0.009341226890683174,2.0
34.5,0.038335856050252914,0.01924937218427658,-8.023755073547363,-1.5278949737548828,0.005448656156659126,0.009928242303431034,2.0
34.599998474121094,0.038136180490255356,0.019142912700772285,-8.023240089416504,-1.312197208404541,0.004482827614992857,0.010425861924886703,2.0
34.70000076293945,0.0379365012049675,0.019040638580918312,-8.02163314819336,-1.1280338764190674,0.0034165435936301947,0.010821457952260971,2.0
34.79999923706055,0.03773682564496994,0.018939903005957603,-8.01880931854248,-0.9756725430488586,0.0022973280865699053,0.01110740564763546,2.0
34.900001525878906,0.03753714635968208,0.01883973553776741,-8.014689445495605,-0.8543967604637146,0.0011669665109366179,0.011280551552772522,2.0
35.0,0.037337470799684525,0.018739774823188782,-8.009233474731445,-0.7626816034317017,6.106984801590443e-05,0.01134161464869976,2.0
35.099998474121094,0.03713779151439667,0.01863989233970642,-8.00243854522705,-0.6983655691146851,-0.0009910478256642818,0.011294557712972164,2.0
35.20000076293945,0.03693811595439911,0.0185400377959013,-7.994328498840332,-0.6588141322135925,-0.001966262934729457,0.01114596612751484,2.0
35.29999923706055,0.03673843666911125,0.018440192565321922,-7.984954833984375,-0.6410726308822632,-0.0028473599813878536,0.010904439724981785,2.0
35.400001525878906,0.03653876110911369,0.018340351060032845,-7.974386692047119,-0.642004132270813,-0.003622617106884718,0.01058002095669508,2.0
35.5,0.036339085549116135,0.018240513280034065,-7.962708950042725,-0.6584109663963318,-0.004285290837287903,0.010183666832745075,2.0
35.599998474121094,0.03613940626382828,0.018140673637390137,-7.950014591217041,-0.6871393322944641,-0.004833033308386803,0.00972678977996111,2.0
35.70000076293945,0.03593973070383072,0.018040833994746208,-7.9364013671875,-0.725165843963623,-0.005267273169010878,0.00922083854675293,2.0
35.79999923706055,0.03574005141854286,0.01794099621474743,-7.921970367431641,-0.7696667909622192,-0.0055925785563886166,0.00867696013301611,2.0
35.900001525878906,0.0355403758585453,0.0178411565721035,-7.906821250915527,-0.818070650100708,-0.005816028453409672,0.00810571201145649,2.0
36.0,0.035340696573257446,0.01774131879210472,-7.891047954559326,-0.8680946826934814,-0.005946609191596508,0.007516843732446432,2.0
36.099998474121094,0.028712233528494835,0.015871424227952957,-7.874917030334473,-0.9152872562408447,-0.0058870757929980755,0.006922610104084015,2.0
36.20000076293945,0.022083768621087074,0.013088542968034744,-7.858926773071289,-0.9515113830566406,-0.005514876917004585,0.006349649745970964,2.0
36.29999923706055,0.015455303713679314,0.009969786740839481,-7.843518257141113,-0.9694068431854248,-0.004827470052987337,0.005829907953739166,2.0
36.400001525878906,0.008826838806271553,0.00672746729105711,-7.829076290130615,-0.9630086421966553,-0.003865725127980113,0.005393053870648146,2.0
36.5,0.0021983738988637924,0.003439690452069044,-7.815929412841797,-0.9278966188430786,-0.0026846136897802353,0.0050638229586184025,2.0
36.599998474121094,-0.004430091008543968,0.00013519056665245444,-7.804346561431885,-0.8611541390419006,-0.0013415422290563583,0.0048612747341394424,2.0
36.70000076293945,-0.011058555915951729,-0.003175461431965232,-7.7945451736450195,-0.7612449526786804,0.00010861488408409059,0.004798826761543751,2.0
36.79999923706055,-0.01768702082335949,-0.006488376762717962,-7.786688327789307,-0.6278506517410278,0.0016158042708411813,0.004884640220552683,2.0
36.900001525878906,-0.02431548573076725,-0.009802124463021755,-7.780892372131348,-0.46169304847717285,0.0031359100248664618,0.005122159607708454,2.0
37.0,-0.03094395063817501,-0.013116179034113884,-7.777231216430664,-0.26434993743896484,0.00463127251714468,0.005510738585144281,2.0
37.099998474121094,-0.03757241368293762,-0.016430344432592392,-7.775740146636963,-0.03807451203465462,0.006070846226066351,0.0060462960973382,2.0
37.20000076293945,-0.04420087859034538,-0.019744552671909332,-7.776423931121826,0.21437756717205048,0.007430096622556448,0.0067219724878668785,2.0
37.29999923706055,-0.05082934349775314,-0.023058775812387466,-7.779262065887451,0.4899088740348816,0.008690716698765755,0.007528770249336958,2.0
37.400001525878906,-0.057457808405160904,-0.026373006403446198,-7.784210681915283,0.7852258086204529,0.009840190410614014,0.0084561537951231,2.0
37.5,-0.06408627331256866,-0.02968723699450493,-7.791213035583496,1.096967101097107,0.010871254839003086,0.009492604993283749,2.0
37.599998474121094,-0.07071474194526672,-0.03300147131085396,-7.800201416015625,1.4218144416809082,0.011781293898820877,0.010626115836203098,2.0
37.70000076293945,-0.07734320312738419,-0.03631570190191269,-7.811101913452148,1.7565839290618896,0.012571682222187519,0.011844620108604431,2.0
37.79999923706055,-0.08397167176008224,-0.03962993621826172,-7.82383918762207,2.098299980163574,0.013247119262814522,0.0131363645195961,2.0
37.900001525878906,-0.09060013294219971,-0.04294416680932045,-7.838339328765869,2.4442503452301025,0.013814965263009071,0.014490203000605106,2.0
38.0,-0.09722859412431717,-0.04625839740037918,-7.8545331954956055,2.792025089263916,0.014284605160355568,0.01589583046734333,2.0
38.099998474121094,-0.09748870879411697,-0.047819215804338455,-7.8721795082092285,3.137085199356079,0.014560295268893242,0.017340516671538353,2.0
38.20000076293945,-0.09774881601333618,-0.04847562685608864,-7.890810012817383,3.471259593963623,0.014521284960210323,0.018797341734170914,2.0
38.29999923706055,-0.09800892323255539,-0.048799317330121994,-7.910012722015381,3.7871670722961426,0.014165746979415417,0.02023419924080372,2.0
38.400001525878906,-0.0982690304517746,-0.049000609666109085,-7.929431438446045,4.078827381134033,0.013534864410758018,0.021621299907565117,2.0
38.5,-0.0985291451215744,-0.04915687069296837,-7.948768138885498,4.341808319091797,0.012683779932558537,0.022933822125196457,2.0
38.599998474121094,-0.09878925234079361,-0.04929656535387039,-7.967780590057373,4.57318639755249,0.011670015752315521,0.02415262907743454,2.0
38.70000076293945,-0.09904935956001282,-0.04943016916513443,-7.9862823486328125,4.771419525146484,0.010548539459705353,0.025264233350753784,2.0
38.79999923706055,-0.09930946677923203,-0.049561526626348495,-8.004137992858887,4.936186790466309,0.009369486942887306,0.026260415092110634,2.0
38.900001525878906,-0.09956958144903183,-0.0496920607984066,-8.021259307861328,5.068207740783691,0.008177046664059162,0.02713767997920513,2.0
39.0,-0.09982968866825104,-0.04982229322195053,-8.037604331970215,5.169061183929443,0.007008940912783146,0.027896631509065628,2.0
39.099998474121094,-0.10008979588747025,-0.04995241388678551,-8.053163528442383,5.241002559661865,0.005896273069083691,0.028541313484311104,2.0
39.20000076293945,-0.10034990310668945,-0.0500824898481369,-8.067961692810059,5.2867913246154785,0.004863622598350048,0.02907855063676834,2.0
39.29999923706055,-0.10061001777648926,-0.0502125546336174,-8.082050323486328,5.309528827667236,0.003929334692656994,0.029517313465476036,2.0
39.400001525878906,-0.10087012499570847,-0.0503426119685173,-8.095499038696289,5.312514305114746,0.0031059521716088057,0.02986811101436615,2.0
39.5,-0.10113023221492767,-0.05047266557812691,-8.108394622802734,5.29911470413208,0.0024007547181099653,0.030142439529299736,2.0
39.599998474121094,-0.10139033943414688,-0.05060272291302681,-8.120832443237305,5.2726545333862305,0.0018163699423894286,0.030352283269166946,2.0
39.70000076293945,-0.10165044665336609,-0.050732776522636414,-8.132915496826172,5.236323833465576,0.001351425307802856,0.030509687960147858,2.0
39.79999923706055,-0.1019105613231659,-0.05086283013224602,-8.14474868774414,5.193104267120361,0.0010012179845944047,0.030626388266682625,2.0
39.900001525878906,-0.1021706685423851,-0.05099288746714592,-8.15643310546875,5.145715236663818,0.0007583771366626024,0.030713504180312157,2.0
40.0,-0.10243077576160431,-0.051122941076755524,-8.168065071105957,5.0965704917907715,0.0006135020521469414,0.030781319364905357,2.0
40.099998474121094,-0.09112637490034103,-0.04806890711188316,-8.17941665649414,5.043298244476318,0.00036225796793587506,0.030832847580313683,2.0
40.20000076293945,-0.07982196658849716,-0.04337253049015999,-8.189821243286133,4.97598123550415,-0.00024758491781540215,0.03084215521812439,2.0
40.29999923706055,-0.06851756572723389,-0.03807196393609047,-8.198687553405762,4.885189056396484,-0.0012534244451671839,0.030770523473620415,2.0
40.400001525878906,-0.05721316114068031,-0.03254912421107292,-8.205497741699219,4.763119697570801,-0.002614483702927828,0.03058004565536976,2.0
40.5,-0.04590875655412674,-0.026944512501358986,-8.209811210632324,4.603921413421631,-0.0042635672725737095,0.030238453298807144,2.0
40.599998474121094,-0.034604351967573166,-0.02130981720983982,-8.211260795593262,4.403686046600342,-0.006127284374088049,0.02972060814499855,2.0
40.70000076293945,-0.02329994924366474,-0.015664055943489075,-8.209548950195312,4.160305976867676,-0.008134374395012856,0.029008649289608,2.0
40.79999923706055,-0.011995545588433743,-0.010014223866164684,-8.204448699951172,3.8732717037200928,-0.010219395160675049,0.02809157222509384,2.0
40.900001525878906,-0.0006911414093337953,-0.004362894222140312,-8.195794105529785,3.5434420108795166,-0.012324447743594646,0.026964541524648666,2.0
41.0,0.01061326265335083,0.0012889872305095196,-8.183475494384766,3.172804832458496,-0.014399969950318336,0.02562810480594635,2.0
41.099998474121094,0.021917667239904404,0.00694107124581933,-8.167433738708496,2.7642433643341064,-0.01640498824417591,0.024087337777018547,2.0
41.20000076293945,0.03322207182645798,0.012593230232596397,-8.147651672363281,2.321308135986328,-0.018307019025087357,0.02235097996890545,2.0
41.29999923706055,0.04452647268772125,0.01824541576206684,-8.124143600463867,1.8480085134506226,-0.020081713795661926,0.020430617034435272,2.0
41.400001525878906,0.055830877274274826,0.02389761060476303,-8.096953392028809,1.3486201763153076,-0.021712301298975945,0.01833987794816494,2.0
41.5,0.0671352818608284,0.02954981103539467,-8.066144943237305,0.8275173902511597,-0.02318890392780304,0.016093725338578224,2.0
41.599998474121094,0.07843968272209167,0.035202011466026306,-8.0317964553833,0.2890273332595825,-0.024507742375135422,0.013707791455090046,2.0
41.70000076293945,0.08974409103393555,0.04085421562194824,-7.993991374969482,-0.26269102096557617,-0.025670288130640984,0.01119782030582428,2.0
41.79999923706055,0.10104849189519882,0.04650641605257988,-7.952820301055908,-0.8237438797950745,-0.026682402938604355,0.008579179644584656,2.0
41.900001525878906,0.1123529002070427,0.052158620208501816,-7.908370018005371,-1.3905766010284424,-0.027553465217351913,0.00586647167801857,2.0
42.0,0.12365730106830597,0.05781082063913345,-7.860721588134766,-1.9600261449813843,-0.028295543044805527,0.0030732161831110716,2.0
42.099998474121094,0.12556356191635132,0.06087540462613106,-7.81020975112915,-2.5257272720336914,-0.0287653598934412,0.00021670572459697723,2.0
42.20000076293945,0.12746980786323547,0.06260530650615692,-7.757506847381592,-3.075897693634033,-0.028782624751329422,-0.002664625644683838,2.0
42.29999923706055,0.12937605381011963,0.06384419649839401,-7.70320463180542,-3.5998616218566895,-0.02834251895546913,-0.00552447559311986,2.0
42.400001525878906,0.13128231465816498,0.06490244716405869,-7.647814750671387,-4.088955879211426,-0.027503730729222298,-0.008319761604070663,2.0
42.5,0.13318856060504913,0.0658942461013794,-7.591763496398926,-4.5367512702941895,-0.026345649734139442,-0.011014508083462715,2.0
42.599998474121094,0.13509482145309448,0.0668616071343422,-7.535396099090576,-4.938995838165283,-0.024951312690973282,-0.01358094997704029,2.0
42.70000076293945,0.13700106739997864,0.06781996786594391,-7.47898006439209,-5.293437957763672,-0.02340015023946762,-0.015999479219317436,2.0
42.79999923706055,0.138907328248024,0.06877502053976059,-7.42270565032959,-5.59959077835083,-0.021764665842056274,-0.01825810596346855,2.0
42.900001525878906,0.14081357419490814,0.06972885131835938,-7.366695880889893,-5.858475208282471,-0.020108791068196297,-0.020351670682430267,2.0
43.0,0.1427198350429535,0.07068224251270294,-7.31101131439209,-6.072355270385742,-0.018487125635147095,-0.022280942648649216,2.0
43.099998474121094,0.14462608098983765,0.07163546234369278,-7.255659103393555,-6.244476318359375,-0.01694471575319767,-0.02405167743563652,2.0
43.20000076293945,0.146532341837883,0.07258862257003784,-7.200599670410156,-6.378814697265625,-0.01551718171685934,-0.025673652067780495,2.0
43.29999923706055,0.14843858778476715,0.07354176044464111,-7.145756244659424,-6.479843616485596,-0.014231128618121147,-0.027159763500094414,2.0
43.400001525878906,0.1503448486328125,0.07449489831924438,-7.091022491455078,-6.552324295043945,-0.013104785233736038,-0.028525136411190033,2.0
43.5,0.15225109457969666,0.07544802129268646,-7.0362701416015625,-6.601118564605713,-0.012148760259151459,-0.029786331579089165,2.0
43.599998474121094,0.154157355427742,0.07640115171670914,-6.9813551902771,-6.63102912902832,-0.011366932652890682,-0.030960628762841225,2.0
43.70000076293945,0.15606360137462616,0.07735427469015121,-6.926126956939697,-6.646666526794434,-0.01075739599764347,-0.03206539526581764,2.0
43.79999923706055,0.1579698622226715,0.07830740511417389,-6.870430946350098,-6.652341365814209,-0.010313416831195354,-0.03311755880713463,2.0
43.900001525878906,0.15987610816955566,0.07926052808761597,-6.814114570617676,-6.651984214782715,-0.010024398565292358,-0.0341331772506237,2.0
44.0,0.16178235411643982,0.08021365851163864,-6.757032871246338,-6.6490912437438965,-0.009876798838376999,-0.03512709215283394,2.0
44.099998474121094,0.14957505464553833,0.07728085666894913,-6.6994404792785645,-6.641239166259766,-0.009618843905627728,-0.03610503301024437,2.0
44.20000076293945,0.13736775517463684,0.07234372198581696,-6.642129421234131,-6.61672306060791,-0.00894009880721569,-0.03703718259930611,2.0
44.29999923706055,0.12516044080257416,0.06666920334100723,-6.585799217224121,-6.564357757568359,-0.0077922167256474495,-0.03787783533334732,2.0
44.400001525878906,0.11295313388109207,0.060723427683115005,-6.531062602996826,-6.474871635437012,-0.006222252734005451,-0.038582008332014084,2.0
44.5,0.10074582695960999,0.05467785522341728,-6.478442668914795,-6.341303825378418,-0.0043095811270177364,-0.03911132737994194,2.0
44.599998474121094,0.0885385274887085,0.04859557002782822,-6.428374290466309,-6.15900182723999,-0.002141284290701151,-0.039435870945453644,2.0
44.70000076293945,0.07633122056722641,0.04249977692961693,-6.38120698928833,-5.925454139709473,0.000197964021936059,-0.03953435271978378,2.0
44.79999923706055,0.06412391364574432,0.03639901429414749,-6.337209701538086,-5.640049457550049,0.002630355767905712,-0.03939364477992058,2.0
44.900001525878906,0.05191660672426224,0.03029642626643181,-6.296576499938965,-5.30380392074585,0.005087034311145544,-0.039007946848869324,2.0
45.0,0.03970929980278015,0.024193163961172104,-6.259436130523682,-4.9190778732299805,0.007509044837206602,-0.03837786614894867,2.0
45.099998474121094,0.027501992881298065,0.01808965392410755,-6.225856781005859,-4.48929500579834,0.009847640991210938,-0.03750939294695854,2.0
45.20000076293945,0.015294687822461128,0.011986054480075836,-6.195858478546143,-4.018674850463867,0.012064173817634583,-0.036412883549928665,2.0
45.29999923706055,0.0030873813666403294,0.005882421042770147,-6.16942024230957,-3.5119826793670654,0.014129663817584515,-0.03510206937789917,2.0
45.400001525878906,-0.00911992508918047,-0.00022122492373455316,-6.146487236022949,-2.974301338195801,0.016024146229028702,-0.03359312564134598,2.0
45.5,-0.02132723107933998,-0.006324875168502331,-6.126981735229492,-2.4108312129974365,0.017735851928591728,-0.03190380334854126,2.0
45.599998474121094,-0.03353453800082207,-0.0124285276979208,-6.110810279846191,-1.8267179727554321,0.019260264933109283,-0.0300526674836874,2.0
45.70000076293945,-0.04574184492230415,-0.018532181158661842,-6.097867488861084,-1.2269065380096436,0.0205991193652153,-0.028058405965566635,2.0
45.79999923706055,-0.05794914811849594,-0.024635832756757736,-6.088047504425049,-0.6160277128219604,0.02175936847925186,-0.02593926526606083,2.0
45.900001525878906,-0.07015645503997803,-0.03073948621749878,-6.081243991851807,0.0016908645629882812,0.022752145305275917,-0.023712581023573875,2.0
46.0,-0.08236376196146011,-0.03684313967823982,-6.077357292175293,0.6224867105484009,0.023591792210936546,-0.021394405514001846,2.0
46.099998474121094,-0.07389435917139053,-0.03725381940603256,-6.075725078582764,1.235125184059143,0.023948950693011284,-0.01901041343808174,2.0
46.20000076293945,-0.06542494893074036,-0.03472808375954628,-6.074927806854248,1.8160080909729004,0.02341162972152233,-0.016634270548820496,2.0
46.29999923706055,-0.056955546140670776,-0.031122082844376564,-6.073714256286621,2.343529462814331,0.021953318268060684,-0.014358523301780224,2.0
46.400001525878906,-0.0484861396253109,-0.02711867168545723,-6.070997714996338,2.800082206726074,0.019687246531248093,-0.012270226143300533,2.0
46.5,-0.04001673310995102,-0.02296905592083931,-6.065861225128174,3.172569751739502,0.016772644594311714,-0.010442365892231464,2.0
46.599998474121094,-0.03154733031988144,-0.018765658140182495,-6.057555198669434,3.4523134231567383,0.013377626426517963,-0.008931376971304417,2.0
46.70000076293945,-0.02307792380452156,-0.014542470686137676,-6.045490264892578,3.6346983909606934,0.009663545526564121,-0.007777139078825712,2.0
46.79999923706055,-0.014608518220484257,-0.010312004014849663,-6.02923059463501,3.7187037467956543,0.005777865648269653,-0.0070040482096374035,2.0
46.900001525878906,-0.00613911310210824,-0.006078860256820917,-6.008480072021484,3.70637845993042,0.0018507139757275581,-0.006622606422752142,2.0
47.0,0.00233029224909842,-0.0018447308102622628,-5.983068466186523,3.6023027896881104,-0.002006717026233673,-0.006631238851696253,2.0
47.099998474121094,0.01079969760030508,0.002389760920777917,-5.952937126159668,3.4130568504333496,-0.005702663213014603,-0.007018224336206913,2.0
47.20000076293945,0.019269103184342384,0.006624386180192232,-5.91811990737915,3.14670991897583,-0.009164520539343357,-0.0077636269852519035,2.0
47.29999923706055,0.027738507837057114,0.010859060101211071,-5.878726959228516,2.8123488426208496,-0.012338010594248772,-0.008841177448630333,2.0
47.400001525878906,0.03620791435241699,0.015093752183020115,-5.834929943084717,2.419647693634033,-0.01518592145293951,-0.010220038704574108,2.0
47.5,0.04467732086777687,0.01932845264673233,-5.7869462966918945,1.9784891605377197,-0.01768653094768524,-0.01186644658446312,2.0
47.599998474121094,0.05314672365784645,0.02356315217912197,-5.73502254486084,1.4986369609832764,-0.01983182318508625,-0.013745165430009365,2.0
47.70000076293945,0.06161613017320633,0.02779785543680191,-5.679422378540039,0.9894665479660034,-0.021625565364956856,-0.015820760279893875,2.0
47.79999923706055,0.07008553296327591,0.0320325568318367,-5.620416164398193,0.45974695682525635,-0.023081349208950996,-0.01805868372321129,2.0
47.900001525878906,0.07855494320392609,0.03626726195216179,-5.558269500732422,-0.082523874938488,-0.02422063983976841,-0.020426154136657715,2.0
48.0,0.08702434599399567,0.04050196334719658,-5.493236064910889,-0.630235493183136,-0.025070905685424805,-0.022892851382493973,2.0
48.099998474121094,0.08125379681587219,0.040815941989421844,-5.425946235656738,-1.171743392944336,-0.02542559802532196,-0.02542373724281788,2.0
48.20000076293945,0.07548324763774872,0.03910762444138527,-5.357534408569336,-1.687520146369934,-0.025022905319929123,-0.027952833101153374,2.0
48.29999923706055,0.06971269100904465,0.03665533289313316,-5.289002895355225,-2.1600399017333984,-0.023867247626185417,-0.03040340170264244,2.0
48.400001525878906,0.06394214183092117,0.03392934426665306,-5.221220970153809,-2.5751402378082275,-0.022059231996536255,-0.03270474821329117,2.0
48.5,0.0581715926527977,0.03110267035663128,-5.154922008514404,-2.92233943939209,-0.019730446860194206,-0.03479811176657677,2.0
48.599998474121094,0.052401043474674225,0.02823895402252674,-5.090705394744873,-3.1947245597839355,-0.017017340287566185,-0.036638252437114716,2.0
48.70000076293945,0.04663049057126045,0.02536160871386528,-5.0290398597717285,-3.3886542320251465,-0.01405004970729351,-0.03819333761930466,2.0
48.79999923706055,0.04085994139313698,0.02247925102710724,-4.970272541046143,-3.503373622894287,-0.010947171598672867,-0.039443980902433395,2.0
48.900001525878906,0.035089388489723206,0.01959504932165146,-4.914637088775635,-3.540590763092041,-0.00781320035457611,-0.04038197174668312,2.0
49.0,0.02931883931159973,0.01671016961336136,-4.862266540527344,-3.504041910171509,-0.004737325944006443,-0.04100879281759262,2.0
49.099998474121094,0.023548288270831108,0.013825038447976112,-4.813205242156982,-3.3990631103515625,-0.0017930734902620316,-0.041334059089422226,2.0
49.20000076293945,0.017777737230062485,0.010939816944301128,-4.767422199249268,-3.2321808338165283,0.0009614581358619034,-0.04137396439909935,2.0
49.29999923706055,0.012007187120616436,0.008054560981690884,-4.724824905395508,-3.0107312202453613,0.0034829117357730865,-0.041149768978357315,2.0
49.400001525878906,0.0062366365455091,0.005169292911887169,-4.685271739959717,-2.7425150871276855,0.005741648375988007,-0.04068637266755104,2.0
49.5,0.00046608599950559437,0.0022840204183012247,-4.648587703704834,-2.4354937076568604,0.007720474153757095,-0.04001099616289139,2.0
49.599998474121094,-0.005304464604705572,-0.0006012538797222078,-4.614570617675781,-2.097527265548706,0.009413191117346287,-0.03915203735232353,2.0
49.70000076293945,-0.011075015179812908,-0.0034865287598222494,-4.583005905151367,-1.7361576557159424,0.010823060758411884,-0.0381380096077919,2.0
49.79999923706055,-0.016845565289258957,-0.0063718040473759174,-4.553676128387451,-1.3584343194961548,0.011961214244365692,-0.03699669986963272,2.0
49.900001525878906,-0.02261611633002758,-0.009257079102098942,-4.526363849639893,-0.970782458782196,0.012845087796449661,-0.03575446456670761,2.0
50.0,-0.028386667370796204,-0.012142354622483253,-4.500864505767822,-0.5789108276367188,0.013496913947165012,-0.03443564102053642,2.0
